'Row_Id','AÃ±o','Departamento','Genero','Defunciones'
1,19,1,1,18552
2,19,2,1,4620
3,19,3,1,15002
4,19,4,1,2885
5,19,5,1,3040
6,19,6,1,3478
7,19,7,1,1447
8,19,8,1,2812
9,19,9,1,1442
10,19,10,1,2118
11,19,11,1,4726
12,19,12,1,619
13,19,13,1,2493
14,19,14,1,677
15,19,15,1,1979
16,19,16,1,2050
17,19,17,1,2608
18,19,18,1,3406
19,19,19,1,1880
20,19,20,1,3356
21,19,21,1,5507
22,19,22,1,1013
23,19,23,1,4066
24,19,24,1,13197
25,19,25,1,475
26,19,26,1,633
27,19,27,1,802
28,19,28,1,99
29,19,29,1,88
30,19,30,1,39
31,19,31,1,211
32,19,32,1,67
33,19,33,1,128
34,19,1,2,11265
35,19,2,2,3221
36,19,3,2,11568
37,19,4,2,2128
38,19,5,2,2329
39,19,6,2,2292
40,19,7,2,563
41,19,8,2,1995
42,19,9,2,756
43,19,10,2,1455
44,19,11,2,3094
45,19,12,2,449
46,19,13,2,1666
47,19,14,2,416
48,19,15,2,1123
49,19,16,2,1021
50,19,17,2,2063
51,19,18,2,2098
52,19,19,2,1169
53,19,20,2,2040
54,19,21,2,3722
55,19,22,2,755
56,19,23,2,2707
57,19,24,2,8751
58,19,25,2,219
59,19,26,2,269
60,19,27,2,333
61,19,28,2,72
62,19,29,2,60
63,19,30,2,26
64,19,31,2,62
65,19,32,2,18
66,19,33,2,66
67,19,1,3,
68,19,2,3,
69,19,3,3,
70,19,4,3,
71,19,5,3,
72,19,6,3,
73,19,7,3,
74,19,8,3,
75,19,9,3,
76,19,10,3,
77,19,11,3,
78,19,12,3,
79,19,13,3,
80,19,14,3,
81,19,15,3,
82,19,16,3,
83,19,17,3,
84,19,18,3,
85,19,19,3,
86,19,20,3,
87,19,21,3,
88,19,22,3,
89,19,23,3,
90,19,24,3,
91,19,25,3,
92,19,26,3,
93,19,27,3,
94,19,28,3,
95,19,29,3,
96,19,30,3,
97,19,31,3,
98,19,32,3,
99,19,33,3,
100,20,1,1,19425
101,20,2,1,4529
102,20,3,1,15921
103,20,4,1,3328
104,20,5,1,3256
105,20,6,1,3984
106,20,7,1,1326
107,20,8,1,2883
108,20,9,1,1625
109,20,10,1,2237
110,20,11,1,4048
111,20,12,1,472
112,20,13,1,2569
113,20,14,1,730
114,20,15,1,2093
115,20,16,1,2033
116,20,17,1,2529
117,20,18,1,3887
118,20,19,1,2247
119,20,20,1,3384
120,20,21,1,5608
121,20,22,1,1229
122,20,23,1,4297
123,20,24,1,14461
124,20,25,1,532
125,20,26,1,509
126,20,27,1,649
127,20,28,1,98
128,20,29,1,77
129,20,30,1,49
130,20,31,1,196
131,20,32,1,50
132,20,33,1,70
133,20,1,2,11537
134,20,2,2,3411
135,20,3,2,12557
136,20,4,2,2381
137,20,5,2,'2.6'
138,20,6,2,2457
139,20,7,2,671
140,20,8,2,1999
141,20,9,2,889
142,20,10,2,'1.55'
143,20,11,2,2695
144,20,12,2,359
145,20,13,2,1753
146,20,14,2,436
147,20,15,2,1313
148,20,16,2,1033
149,20,17,2,1956
150,20,18,2,2265
151,20,19,2,1534
152,20,20,2,2035
153,20,21,2,3908
154,20,22,2,892
155,20,23,2,2775
156,20,24,2,9213
157,20,25,2,226
158,20,26,2,229
159,20,27,2,233
160,20,28,2,67
161,20,29,2,51
162,20,30,2,34
163,20,31,2,47
164,20,32,2,25
165,20,33,2,56
166,20,1,3,5
167,20,2,3,527
168,20,3,3,9
169,20,4,3,503
170,20,5,3,213
171,20,6,3,1
172,20,7,3,2
173,20,8,3,249
174,20,9,3,1
175,20,10,3,298
176,20,11,3,2
177,20,12,3,69
178,20,13,3,283
179,20,14,3,1
180,20,15,3,1
181,20,16,3,122
182,20,17,3,201
183,20,18,3,2
184,20,19,3,1
185,20,20,3,1
186,20,21,3,1
187,20,22,3,132
188,20,23,3,195
189,20,24,3,5
190,20,25,3,2
191,20,26,3,50
192,20,27,3,36
193,20,28,3,10
194,20,29,3,26
195,20,30,3,16
196,20,31,3,1
197,20,32,3,7
198,20,33,3,28
199,21,1,1,19963
200,21,2,1,4575
201,21,3,1,15819
202,21,4,1,3423
203,21,5,1,3304
204,21,6,1,3899
205,21,7,1,1268
206,21,8,1,2967
207,21,9,1,1996
208,21,10,1,2507
209,21,11,1,4500
210,21,12,1,618
211,21,13,1,2630
212,21,14,1,828
213,21,15,1,2295
214,21,16,1,2097
215,21,17,1,2944
216,21,18,1,4128
217,21,19,1,2045
218,21,20,1,3163
219,21,21,1,5779
220,21,22,1,1481
221,21,23,1,4303
222,21,24,1,14466
223,21,25,1,567
224,21,26,1,569
225,21,27,1,679
226,21,28,1,112
227,21,29,1,84
228,21,30,1,68
229,21,31,1,229
230,21,32,1,63
231,21,33,1,88
232,21,1,2,11452
233,21,2,2,3644
234,21,3,2,12620
235,21,4,2,2460
236,21,5,2,2520
237,21,6,2,2455
238,21,7,2,628
239,21,8,2,1878
240,21,9,2,969
241,21,10,2,1684
242,21,11,2,2947
243,21,12,2,427
244,21,13,2,1742
245,21,14,2,403
246,21,15,2,1296
247,21,16,2,1152
248,21,17,2,2205
249,21,18,2,2388
250,21,19,2,1212
251,21,20,2,2002
252,21,21,2,3866
253,21,22,2,1109
254,21,23,2,2851
255,21,24,2,8978
256,21,25,2,255
257,21,26,2,242
258,21,27,2,256
259,21,28,2,80
260,21,29,2,38
261,21,30,2,25
262,21,31,2,72
263,21,32,2,30
264,21,33,2,59
265,21,1,3,6
266,21,2,3,2
267,21,3,3,1
268,21,4,3,556
269,21,5,3,4
270,21,6,3,1
271,21,7,3,158
272,21,8,3,199
273,21,9,3,236
274,21,10,3,364
275,21,11,3,3
276,21,12,3,91
277,21,13,3,249
278,21,14,3,131
279,21,15,3,240
280,21,16,3,1
281,21,17,3,3
282,21,18,3,297
283,21,19,3,101
284,21,20,3,1
285,21,21,3,1
286,21,22,3,173
287,21,23,3,209
288,21,24,3,5
289,21,25,3,35
290,21,26,3,49
291,21,27,3,56
292,21,28,3,6
293,21,29,3,16
294,21,30,3,16
295,21,31,3,1
296,21,32,3,18
297,21,33,3,1
298,22,1,1,20765
299,22,2,1,4882
300,22,3,1,15826
301,22,4,1,3281
302,22,5,1,3104
303,22,6,1,3824
304,22,7,1,1376
305,22,8,1,3055
306,22,9,1,2091
307,22,10,1,2369
308,22,11,1,4630
309,22,12,1,649
310,22,13,1,2810
311,22,14,1,831
312,22,15,1,2441
313,22,16,1,2333
314,22,17,1,2684
315,22,18,1,4086
316,22,19,1,2055
317,22,20,1,3293
318,22,21,1,5791
319,22,22,1,1387
320,22,23,1,4367
321,22,24,1,15112
322,22,25,1,661
323,22,26,1,652
324,22,27,1,592
325,22,28,1,101
326,22,29,1,87
327,22,30,1,16
328,22,31,1,294
329,22,32,1,38
330,22,33,1,90
331,22,1,2,11684
332,22,2,2,3794
333,22,3,2,13038
334,22,4,2,2317
335,22,5,2,2361
336,22,6,2,2437
337,22,7,2,612
338,22,8,2,1897
339,22,9,2,1107
340,22,10,2,1842
341,22,11,2,3013
342,22,12,2,449
343,22,13,2,1859
344,22,14,2,455
345,22,15,2,1415
346,22,16,2,1188
347,22,17,2,1995
348,22,18,2,2376
349,22,19,2,1261
350,22,20,2,2089
351,22,21,2,4036
352,22,22,2,1004
353,22,23,2,2978
354,22,24,2,9549
355,22,25,2,252
356,22,26,2,314
357,22,27,2,240
358,22,28,2,75
359,22,29,2,67
360,22,30,2,14
361,22,31,2,113
362,22,32,2,35
363,22,33,2,52
364,22,1,3,2
365,22,2,3,656
366,22,3,3,1445
367,22,4,3,2
368,22,5,3,185
369,22,6,3,3
370,22,7,3,2
371,22,8,3,1
372,22,9,3,2
373,22,10,3,1
374,22,11,3,1
375,22,12,3,94
376,22,13,3,247
377,22,14,3,125
378,22,15,3,253
379,22,16,3,1
380,22,17,3,1
381,22,18,3,1
382,22,19,3,1
383,22,20,3,142
384,22,21,3,2
385,22,22,3,155
386,22,23,3,211
387,22,24,3,2
388,22,25,3,43
389,22,26,3,47
390,22,27,3,40
391,22,28,3,7
392,22,29,3,18
393,22,30,3,5
394,22,31,3,21
395,22,32,3,9
396,22,33,3,11
397,23,1,1,19815
398,23,2,1,4975
399,23,3,1,15892
400,23,4,1,3325
401,23,5,1,3365
402,23,6,1,3918
403,23,7,1,1576
404,23,8,1,2701
405,23,9,1,2324
406,23,10,1,2434
407,23,11,1,4979
408,23,12,1,632
409,23,13,1,2865
410,23,14,1,912
411,23,15,1,2456
412,23,16,1,2513
413,23,17,1,3168
414,23,18,1,1845
415,23,20,1,3349
416,23,21,1,5666
417,23,22,1,1349
418,23,23,1,4050
419,23,24,1,14754
420,23,25,1,750
421,23,26,1,608
422,23,27,1,696
423,23,28,1,91
424,23,29,1,68
425,23,30,1,44
426,23,31,1,244
427,23,32,1,46
428,23,33,1,72
429,23,,1,
430,23,1,2,11675
431,23,2,2,3869
432,23,3,2,13244
433,23,4,2,2366
434,23,5,2,2515
435,23,6,2,2392
436,23,7,2,571
437,23,8,2,1781
438,23,9,2,1123
439,23,10,2,1733
440,23,11,2,3330
441,23,12,2,427
442,23,13,2,1825
443,23,14,2,407
444,23,15,2,1537
445,23,16,2,1131
446,23,17,2,2418
447,23,18,2,1152
448,23,20,2,2085
449,23,21,2,3987
450,23,22,2,944
451,23,23,2,2796
452,23,24,2,9421
453,23,25,2,301
454,23,26,2,269
455,23,27,2,226
456,23,28,2,68
457,23,29,2,46
458,23,30,2,27
459,23,31,2,68
460,23,32,2,25
461,23,33,2,34
462,23,,2,
463,23,1,3,8
464,23,2,3,553
465,23,3,3,1
466,23,4,3,2
467,23,5,3,1
468,23,6,3,2
469,23,7,3,115
470,23,8,3,2
471,23,9,3,222
472,23,10,3,332
473,23,11,3,2
474,23,12,3,77
475,23,13,3,1
476,23,14,3,128
477,23,15,3,237
478,23,16,3,2
479,23,17,3,1
480,23,18,3,1
481,23,20,3,1
482,23,21,3,4
483,23,22,3,1
484,23,23,3,10
485,23,24,3,4
486,23,25,3,33
487,23,26,3,31
488,23,27,3,1
489,23,28,3,7
490,23,29,3,14
491,23,30,3,6
492,23,31,3,15
493,23,32,3,4
494,23,33,3,9
495,23,,3,
496,24,1,1,17788
497,24,2,1,5350
498,24,3,1,15940
499,24,4,1,3448
500,24,5,1,3342
501,24,6,1,3637
502,24,7,1,1127
503,24,8,1,2805
504,24,9,1,2384
505,24,10,1,2296
506,24,11,1,5322
507,24,12,1,628
508,24,13,1,2983
509,24,14,1,763
510,24,15,1,2567
511,24,16,1,2612
512,24,17,1,3113
513,24,18,1,1876
514,24,20,1,3192
515,24,21,1,5646
516,24,22,1,1245
517,24,23,1,4046
518,24,24,1,14265
519,24,25,1,709
520,24,26,1,701
521,24,27,1,672
522,24,28,1,92
523,24,29,1,99
524,24,30,1,60
525,24,31,1,205
526,24,32,1,52
527,24,33,1,36
528,24,,1,
529,24,1,2,12107
530,24,2,2,4191
531,24,3,2,13868
532,24,4,2,2398
533,24,5,2,2526
534,24,6,2,2472
535,24,7,2,578
536,24,8,2,1773
537,24,9,2,1170
538,24,10,2,1905
539,24,11,2,3463
540,24,12,2,411
541,24,13,2,1976
542,24,14,2,352
543,24,15,2,1549
544,24,16,2,1251
545,24,17,2,2441
546,24,18,2,1199
547,24,20,2,2146
548,24,21,2,4066
549,24,22,2,903
550,24,23,2,2980
551,24,24,2,9432
552,24,25,2,269
553,24,26,2,275
554,24,27,2,252
555,24,28,2,76
556,24,29,2,57
557,24,30,2,31
558,24,31,2,66
559,24,32,2,26
560,24,33,2,9
561,24,,2,
562,24,1,3,15
563,24,2,3,2
564,24,3,3,1290
565,24,4,3,2
566,24,5,3,150
567,24,6,3,5
568,24,7,3,91
569,24,8,3,3
570,24,9,3,226
571,24,10,3,268
572,24,11,3,3
573,24,12,3,1
574,24,13,3,228
575,24,14,3,112
576,24,15,3,278
577,24,16,3,4
578,24,17,3,1
579,24,18,3,1
580,24,20,3,1
581,24,21,3,6
582,24,22,3,90
583,24,23,3,184
584,24,24,3,10
585,24,25,3,27
586,24,26,3,1
587,24,27,3,1
588,24,28,3,9
589,24,29,3,16
590,24,30,3,10
591,24,31,3,5
592,24,32,3,16
593,24,33,3,1
594,24,,3,
595,25,1,1,16538
596,25,2,1,5374
597,25,3,1,16105
598,25,4,1,3115
599,25,5,1,3269
600,25,6,1,3477
601,25,7,1,1219
602,25,8,1,2844
603,25,9,1,2108
604,25,10,1,2624
605,25,11,1,4803
606,25,12,1,600
607,25,13,1,2559
608,25,14,1,938
609,25,15,1,2398
610,25,16,1,2576
611,25,17,1,3115
612,25,18,1,1834
613,25,20,1,3306
614,25,21,1,5537
615,25,22,1,1426
616,25,23,1,3538
617,25,24,1,14888
618,25,25,1,728
619,25,26,1,818
620,25,27,1,605
621,25,28,1,119
622,25,29,1,88
623,25,30,1,40
624,25,31,1,228
625,25,32,1,37
626,25,33,1,55
627,25,,1,
628,25,1,2,12144
629,25,2,2,4114
630,25,3,2,14045
631,25,4,2,2408
632,25,5,2,2506
633,25,6,2,2402
634,25,7,2,575
635,25,8,2,1911
636,25,9,2,1175
637,25,10,2,1945
638,25,11,2,3230
639,25,12,2,455
640,25,13,2,1757
641,25,14,2,459
642,25,15,2,1550
643,25,16,2,1378
644,25,17,2,2439
645,25,18,2,1163
646,25,20,2,1989
647,25,21,2,4004
648,25,22,2,1021
649,25,23,2,2582
650,25,24,2,9438
651,25,25,2,296
652,25,26,2,294
653,25,27,2,232
654,25,28,2,72
655,25,29,2,53
656,25,30,2,19
657,25,31,2,76
658,25,32,2,19
659,25,33,2,38
660,25,,2,
661,25,1,3,6
662,25,2,3,473
663,25,3,3,1310
664,25,4,3,300
665,25,5,3,3
666,25,6,3,3
667,25,7,3,1
668,25,8,3,172
669,25,9,3,201
670,25,10,3,1
671,25,11,3,2
672,25,12,3,2
673,25,13,3,1
674,25,14,3,92
675,25,15,3,240
676,25,16,3,105
677,25,17,3,1
678,25,18,3,70
679,25,20,3,109
680,25,21,3,1
681,25,22,3,85
682,25,23,3,2
683,25,24,3,3
684,25,25,3,29
685,25,26,3,27
686,25,27,3,37
687,25,28,3,3
688,25,29,3,15
689,25,30,3,2
690,25,31,3,5
691,25,32,3,5
692,25,33,3,6
693,25,,3,
694,26,1,1,15978
695,26,2,1,5328
696,26,3,1,16257
697,26,4,1,3286
698,26,5,1,3382
699,26,6,1,3513
700,26,7,1,1173
701,26,8,1,2861
702,26,9,1,2065
703,26,10,1,2591
704,26,11,1,4948
705,26,12,1,612
706,26,13,1,2734
707,26,14,1,915
708,26,15,1,2209
709,26,16,1,2365
710,26,17,1,2162
711,26,18,1,1884
712,26,20,1,3394
713,26,21,1,5466
714,26,22,1,1324
715,26,23,1,4214
716,26,24,1,14769
717,26,25,1,647
718,26,26,1,567
719,26,27,1,605
720,26,28,1,120
721,26,29,1,105
722,26,30,1,47
723,26,31,1,230
724,26,32,1,44
725,26,33,1,50
726,26,,1,
727,26,1,2,11841
728,26,2,2,4245
729,26,3,2,14005
730,26,4,2,2533
731,26,5,2,2676
732,26,6,2,2309
733,26,7,2,533
734,26,8,2,2006
735,26,9,2,1175
736,26,10,2,1910
737,26,11,2,3598
738,26,12,2,472
739,26,13,2,2039
740,26,14,2,575
741,26,15,2,1572
742,26,16,2,1316
743,26,17,2,1712
744,26,18,2,1362
745,26,20,2,2151
746,26,21,2,4080
747,26,22,2,1075
748,26,23,2,2966
749,26,24,2,9835
750,26,25,2,287
751,26,26,2,301
752,26,27,2,215
753,26,28,2,84
754,26,29,2,62
755,26,30,2,29
756,26,31,2,77
757,26,32,2,15
758,26,33,2,22
759,26,,2,
760,26,1,3,7
761,26,2,3,529
762,26,3,3,1200
763,26,4,3,313
764,26,5,3,175
765,26,6,3,1
766,26,7,3,77
767,26,8,3,1
768,26,9,3,196
769,26,10,3,338
770,26,11,3,4
771,26,12,3,84
772,26,13,3,200
773,26,14,3,120
774,26,15,3,1
775,26,16,3,2
776,26,17,3,151
777,26,18,3,55
778,26,20,3,119
779,26,21,3,4
780,26,22,3,1
781,26,23,3,2
782,26,24,3,1
783,26,25,3,38
784,26,26,3,20
785,26,27,3,38
786,26,28,3,6
787,26,29,3,26
788,26,30,3,12
789,26,31,3,7
790,26,32,3,2
791,26,33,3,7
792,26,,3,
793,27,1,1,16354
794,27,2,1,5606
795,27,3,1,16175
796,27,4,1,3313
797,27,5,1,3238
798,27,6,1,3314
799,27,7,1,1091
800,27,8,1,2900
801,27,9,1,1784
802,27,10,1,2578
803,27,11,1,5067
804,27,12,1,627
805,27,13,1,2970
806,27,14,1,858
807,27,15,1,2399
808,27,16,1,2706
809,27,17,1,3396
810,27,18,1,1832
811,27,20,1,3242
812,27,21,1,5492
813,27,22,1,1377
814,27,23,1,4159
815,27,24,1,14630
816,27,25,1,586
817,27,26,1,579
818,27,27,1,529
819,27,28,1,105
820,27,29,1,80
821,27,30,1,49
822,27,31,1,212
823,27,32,1,47
824,27,33,1,90
825,27,,1,
826,27,1,2,12300
827,27,2,2,4464
828,27,3,2,14128
829,27,4,2,2490
830,27,5,2,2654
831,27,6,2,2398
832,27,7,2,536
833,27,8,2,1921
834,27,9,2,1286
835,27,10,2,1921
836,27,11,2,3783
837,27,12,2,479
838,27,13,2,2110
839,27,14,2,512
840,27,15,2,1507
841,27,16,2,1342
842,27,17,2,2459
843,27,18,2,1315
844,27,20,2,2093
845,27,21,2,4185
846,27,22,2,1168
847,27,23,2,2987
848,27,24,2,9942
849,27,25,2,247
850,27,26,2,291
851,27,27,2,235
852,27,28,2,86
853,27,29,2,44
854,27,30,2,23
855,27,31,2,57
856,27,32,2,33
857,27,33,2,38
858,27,,2,
859,27,1,3,2
860,27,2,3,2
861,27,3,3,1
862,27,4,3,248
863,27,5,3,159
864,27,6,3,3
865,27,7,3,57
866,27,8,3,1
867,27,9,3,1
868,27,10,3,1
869,27,11,3,174
870,27,12,3,1
871,27,13,3,1
872,27,14,3,113
873,27,15,3,1
874,27,16,3,1
875,27,17,3,1
876,27,18,3,1
877,27,20,3,3
878,27,21,3,2
879,27,22,3,3
880,27,23,3,153
881,27,24,3,3
882,27,25,3,1
883,27,26,3,25
884,27,27,3,1
885,27,28,3,4
886,27,29,3,14
887,27,30,3,5
888,27,31,3,7
889,27,32,3,9
890,27,33,3,7
891,27,,3,
892,28,1,1,16244
893,28,2,1,5225
894,28,3,1,16358
895,28,4,1,2919
896,28,5,1,3247
897,28,6,1,3351
898,28,7,1,1054
899,28,8,1,2826
900,28,9,1,2113
901,28,10,1,2876
902,28,11,1,5096
903,28,12,1,587
904,28,13,1,3116
905,28,14,1,826
906,28,15,1,2607
907,28,16,1,2668
908,28,17,1,3458
909,28,18,1,1970
910,28,20,1,3293
911,28,21,1,5562
912,28,22,1,1565
913,28,23,1,4154
914,28,24,1,14218
915,28,25,1,611
916,28,26,1,648
917,28,27,1,589
918,28,28,1,98
919,28,29,1,121
920,28,30,1,51
921,28,31,1,240
922,28,32,1,51
923,28,33,1,110
924,28,,1,
925,28,1,2,12228
926,28,2,2,4324
927,28,3,2,14397
928,28,4,2,2208
929,28,5,2,2609
930,28,6,2,2399
931,28,7,2,500
932,28,8,2,1812
933,28,9,2,1287
934,28,10,2,2095
935,28,11,2,3717
936,28,12,2,417
937,28,13,2,2081
938,28,14,2,502
939,28,15,2,1776
940,28,16,2,1378
941,28,17,2,2710
942,28,18,2,1354
943,28,20,2,2286
944,28,21,2,4194
945,28,22,2,1229
946,28,23,2,2983
947,28,24,2,10154
948,28,25,2,244
949,28,26,2,310
950,28,27,2,222
951,28,28,2,99
952,28,29,2,66
953,28,30,2,32
954,28,31,2,59
955,28,32,2,25
956,28,33,2,30
957,28,,2,
958,28,1,3,7
959,28,2,3,1
960,28,3,3,1125
961,28,4,3,2
962,28,5,3,143
963,28,6,3,8
964,28,7,3,2
965,28,8,3,141
966,28,9,3,226
967,28,10,3,1
968,28,11,3,3
969,28,12,3,86
970,28,13,3,2
971,28,14,3,2
972,28,15,3,1
973,28,16,3,1
974,28,17,3,2
975,28,18,3,1
976,28,20,3,1
977,28,21,3,14
978,28,22,3,101
979,28,23,3,1
980,28,24,3,6
981,28,25,3,17
982,28,26,3,20
983,28,27,3,2
984,28,28,3,6
985,28,29,3,29
986,28,30,3,7
987,28,31,3,5
988,28,32,3,8
989,28,33,3,1
990,28,,3,
991,29,1,1,16836
992,29,2,1,5150
993,29,3,1,16778
994,29,4,1,3324
995,29,5,1,3405
996,29,6,1,3284
997,29,7,1,1102
998,29,8,1,2778
999,29,9,1,2174
1000,29,10,1,2910
1001,29,11,1,4959
1002,29,12,1,682
1003,29,13,1,2910
1004,29,14,1,834
1005,29,15,1,2478
1006,29,16,1,2619
1007,29,17,1,3507
1008,29,18,1,3880
1009,29,19,1,1940
1010,29,20,1,3302
1011,29,21,1,5639
1012,29,22,1,1436
1013,29,23,1,4212
1014,29,24,1,14068
1015,29,25,1,669
1016,29,26,1,580
1017,29,27,1,465
1018,29,28,1,112
1019,29,29,1,105
1020,29,30,1,40
1021,29,31,1,194
1022,29,32,1,52
1023,29,33,1,95
1024,29,1,2,12790
1025,29,2,2,4433
1026,29,3,2,15123
1027,29,4,2,2620
1028,29,5,2,2798
1029,29,6,2,2531
1030,29,7,2,547
1031,29,8,2,1914
1032,29,9,2,1433
1033,29,10,2,2026
1034,29,11,2,3602
1035,29,12,2,493
1036,29,13,2,2072
1037,29,14,2,534
1038,29,15,2,1825
1039,29,16,2,1454
1040,29,17,2,2514
1041,29,18,2,2633
1042,29,19,2,1316
1043,29,20,2,2373
1044,29,21,2,4276
1045,29,22,2,1113
1046,29,23,2,2976
1047,29,24,2,9892
1048,29,25,2,267
1049,29,26,2,311
1050,29,27,2,210
1051,29,28,2,72
1052,29,29,2,49
1053,29,30,2,22
1054,29,31,2,85
1055,29,32,2,39
1056,29,33,2,51
1057,29,1,3,5
1058,29,2,3,0
1059,29,3,3,0
1060,29,4,3,0
1061,29,5,3,1
1062,29,6,3,3
1063,29,7,3,2
1064,29,8,3,2
1065,29,9,3,0
1066,29,10,3,0
1067,29,11,3,5
1068,29,12,3,0
1069,29,13,3,0
1070,29,14,3,0
1071,29,15,3,0
1072,29,16,3,0
1073,29,17,3,0
1074,29,18,3,2
1075,29,19,3,1
1076,29,20,3,1
1077,29,21,3,4
1078,29,22,3,0
1079,29,23,3,2
1080,29,24,3,1
1081,29,25,3,0
1082,29,26,3,0
1083,29,27,3,0
1084,29,28,3,0
1085,29,29,3,0
1086,29,30,3,0
1087,29,31,3,0
1088,29,32,3,0
1089,29,33,3,1
1090,30,1,1,18065
1091,30,2,1,5208
1092,30,3,1,16523
1093,30,4,1,3529
1094,30,5,1,3156
1095,30,6,1,3014
1096,30,7,1,1085
1097,30,8,1,2758
1098,30,9,1,2098
1099,30,10,1,3367
1100,30,11,1,5019
1101,30,12,1,705
1102,30,13,1,2913
1103,30,14,1,862
1104,30,15,1,2622
1105,30,16,1,2589
1106,30,17,1,3596
1107,30,18,1,3794
1108,30,19,1,1931
1109,30,20,1,3062
1110,30,21,1,5420
1111,30,22,1,1560
1112,30,23,1,4019
1113,30,24,1,14303
1114,30,25,1,645
1115,30,26,1,575
1116,30,27,1,465
1117,30,28,1,93
1118,30,29,1,84
1119,30,30,1,41
1120,30,31,1,244
1121,30,32,1,53
1122,30,33,1,84
1123,30,1,2,12368
1124,30,2,2,4465
1125,30,3,2,14283
1126,30,4,2,2679
1127,30,5,2,2557
1128,30,6,2,2281
1129,30,7,2,589
1130,30,8,2,1681
1131,30,9,2,1452
1132,30,10,2,2301
1133,30,11,2,3588
1134,30,12,2,479
1135,30,13,2,2050
1136,30,14,2,571
1137,30,15,2,1907
1138,30,16,2,1473
1139,30,17,2,2780
1140,30,18,2,2628
1141,30,19,2,1332
1142,30,20,2,2269
1143,30,21,2,4219
1144,30,22,2,1285
1145,30,23,2,2903
1146,30,24,2,10197
1147,30,25,2,289
1148,30,26,2,298
1149,30,27,2,191
1150,30,28,2,72
1151,30,29,2,85
1152,30,30,2,29
1153,30,31,2,72
1154,30,32,2,42
1155,30,33,2,34
1156,30,1,3,0
1157,30,2,3,0
1158,30,3,3,0
1159,30,4,3,0
1160,30,5,3,0
1161,30,6,3,0
1162,30,7,3,0
1163,30,8,3,0
1164,30,9,3,0
1165,30,10,3,0
1166,30,11,3,0
1167,30,12,3,0
1168,30,13,3,0
1169,30,14,3,0
1170,30,15,3,1
1171,30,16,3,0
1172,30,17,3,0
1173,30,18,3,1
1174,30,19,3,0
1175,30,20,3,0
1176,30,21,3,0
1177,30,22,3,0
1178,30,23,3,0
1179,30,24,3,0
1180,30,25,3,0
1181,30,26,3,0
1182,30,27,3,0
1183,30,28,3,0
1184,30,29,3,0
1185,30,30,3,0
1186,30,31,3,0
1187,30,32,3,0
1188,30,33,3,0
1189,31,1,1,17975
1190,31,2,1,4841
1191,31,3,1,17388
1192,31,4,1,3308
1193,31,5,1,3361
1194,31,6,1,3154
1195,31,7,1,1053
1196,31,8,1,2641
1197,31,9,1,2111
1198,31,10,1,3181
1199,31,11,1,5160
1200,31,12,1,592
1201,31,13,1,2865
1202,31,14,1,934
1203,31,15,1,2442
1204,31,16,1,2648
1205,31,17,1,3618
1206,31,18,1,3667
1207,31,19,1,1972
1208,31,20,1,3218
1209,31,21,1,5595
1210,31,22,1,1523
1211,31,23,1,4217
1212,31,24,1,14390
1213,31,25,1,638
1214,31,26,1,644
1215,31,27,1,501
1216,31,28,1,122
1217,31,29,1,106
1218,31,30,1,48
1219,31,31,1,211
1220,31,32,1,66
1221,31,33,1,74
1222,31,1,2,13000
1223,31,2,2,4244
1224,31,3,2,15469
1225,31,4,2,2728
1226,31,5,2,2641
1227,31,6,2,2400
1228,31,7,2,580
1229,31,8,2,1848
1230,31,9,2,1430
1231,31,10,2,2189
1232,31,11,2,3881
1233,31,12,2,428
1234,31,13,2,2118
1235,31,14,2,596
1236,31,15,2,1793
1237,31,16,2,1518
1238,31,17,2,2770
1239,31,18,2,2651
1240,31,19,2,1409
1241,31,20,2,2408
1242,31,21,2,4470
1243,31,22,2,1206
1244,31,23,2,3091
1245,31,24,2,10147
1246,31,25,2,314
1247,31,26,2,405
1248,31,27,2,206
1249,31,28,2,81
1250,31,29,2,68
1251,31,30,2,31
1252,31,31,2,56
1253,31,32,2,41
1254,31,33,2,33
1255,31,1,3,0
1256,31,2,3,1
1257,31,3,3,0
1258,31,4,3,0
1259,31,5,3,0
1260,31,6,3,0
1261,31,7,3,0
1262,31,8,3,0
1263,31,9,3,0
1264,31,10,3,2
1265,31,11,3,0
1266,31,12,3,0
1267,31,13,3,0
1268,31,14,3,2
1269,31,15,3,0
1270,31,16,3,0
1271,31,17,3,0
1272,31,18,3,1
1273,31,19,3,0
1274,31,20,3,1
1275,31,21,3,1
1276,31,22,3,0
1277,31,23,3,1
1278,31,24,3,1
1279,31,25,3,0
1280,31,26,3,0
1281,31,27,3,0
1282,31,28,3,0
1283,31,29,3,0
1284,31,30,3,0
1285,31,31,3,0
1286,31,32,3,0
1287,31,33,3,0
1288,32,1,1,16846
1289,32,2,1,4447
1290,32,3,1,17449
1291,32,4,1,3237
1292,32,5,1,3266
1293,32,6,1,3000
1294,32,7,1,1046
1295,32,8,1,2615
1296,32,9,1,1962
1297,32,10,1,3334
1298,32,11,1,5048
1299,32,12,1,604
1300,32,13,1,2754
1301,32,14,1,967
1302,32,15,1,2546
1303,32,16,1,2665
1304,32,17,1,3598
1305,32,18,1,3616
1306,32,19,1,1945
1307,32,20,1,2989
1308,32,21,1,5077
1309,32,22,1,1325
1310,32,23,1,4224
1311,32,24,1,14478
1312,32,25,1,543
1313,32,26,1,659
1314,32,27,1,488
1315,32,28,1,122
1316,32,29,1,91
1317,32,30,1,32
1318,32,31,1,120
1319,32,32,1,67
1320,32,33,1,48
1321,32,1,2,12288
1322,32,2,2,3842
1323,32,3,2,15664
1324,32,4,2,2535
1325,32,5,2,2662
1326,32,6,2,2392
1327,32,7,2,561
1328,32,8,2,1783
1329,32,9,2,1419
1330,32,10,2,2519
1331,32,11,2,3877
1332,32,12,2,393
1333,32,13,2,2154
1334,32,14,2,596
1335,32,15,2,1733
1336,32,16,2,1597
1337,32,17,2,2864
1338,32,18,2,2598
1339,32,19,2,1406
1340,32,20,2,2326
1341,32,21,2,4090
1342,32,22,2,1118
1343,32,23,2,3018
1344,32,24,2,9992
1345,32,25,2,274
1346,32,26,2,369
1347,32,27,2,233
1348,32,28,2,81
1349,32,29,2,73
1350,32,30,2,27
1351,32,31,2,48
1352,32,32,2,38
1353,32,33,2,20
1354,32,1,3,1
1355,32,2,3,1
1356,32,3,3,0
1357,32,4,3,0
1358,32,5,3,1
1359,32,6,3,0
1360,32,7,3,0
1361,32,8,3,0
1362,32,9,3,1
1363,32,10,3,0
1364,32,11,3,1
1365,32,12,3,1
1366,32,13,3,1
1367,32,14,3,1
1368,32,15,3,1
1369,32,16,3,1
1370,32,17,3,0
1371,32,18,3,3
1372,32,19,3,0
1373,32,20,3,0
1374,32,21,3,2
1375,32,22,3,0
1376,32,23,3,2
1377,32,24,3,6
1378,32,25,3,0
1379,32,26,3,0
1380,32,27,3,0
1381,32,28,3,0
1382,32,29,3,0
1383,32,30,3,0
1384,32,31,3,0
1385,32,32,3,0
1386,32,33,3,2
1387,33,1,1,16638
1388,33,2,1,5292
1389,33,3,1,17439
1390,33,4,1,3453
1391,33,5,1,3322
1392,33,6,1,3019
1393,33,7,1,1009
1394,33,8,1,2559
1395,33,9,1,1909
1396,33,10,1,3259
1397,33,11,1,5069
1398,33,12,1,620
1399,33,13,1,2919
1400,33,14,1,927
1401,33,15,1,2679
1402,33,16,1,2730
1403,33,17,1,3411
1404,33,18,1,3717
1405,33,19,1,1948
1406,33,20,1,3074
1407,33,21,1,5312
1408,33,22,1,1547
1409,33,23,1,4335
1410,33,24,1,14563
1411,33,25,1,574
1412,33,26,1,662
1413,33,27,1,513
1414,33,28,1,132
1415,33,29,1,114
1416,33,30,1,43
1417,33,31,1,161
1418,33,32,1,46
1419,33,33,1,60
1420,33,1,2,12389
1421,33,2,2,4681
1422,33,3,2,15831
1423,33,4,2,2892
1424,33,5,2,2663
1425,33,6,2,2404
1426,33,7,2,526
1427,33,8,2,1712
1428,33,9,2,1328
1429,33,10,2,2688
1430,33,11,2,3820
1431,33,12,2,370
1432,33,13,2,2123
1433,33,14,2,552
1434,33,15,2,1887
1435,33,16,2,1640
1436,33,17,2,2919
1437,33,18,2,2631
1438,33,19,2,1423
1439,33,20,2,2342
1440,33,21,2,4154
1441,33,22,2,1195
1442,33,23,2,3157
1443,33,24,2,10154
1444,33,25,2,298
1445,33,26,2,374
1446,33,27,2,243
1447,33,28,2,72
1448,33,29,2,64
1449,33,30,2,19
1450,33,31,2,49
1451,33,32,2,19
1452,33,33,2,35
1453,33,1,3,5
1454,33,2,3,1
1455,33,3,3,0
1456,33,4,3,1
1457,33,5,3,0
1458,33,6,3,0
1459,33,7,3,3
1460,33,8,3,1
1461,33,9,3,2
1462,33,10,3,0
1463,33,11,3,4
1464,33,12,3,5
1465,33,13,3,0
1466,33,14,3,3
1467,33,15,3,0
1468,33,16,3,2
1469,33,17,3,1
1470,33,18,3,1
1471,33,19,3,0
1472,33,20,3,0
1473,33,21,3,3
1474,33,22,3,0
1475,33,23,3,5
1476,33,24,3,7
1477,33,25,3,1
1478,33,26,3,0
1479,33,27,3,0
1480,33,28,3,0
1481,33,29,3,0
1482,33,30,3,0
1483,33,31,3,2
1484,33,32,3,0
1485,33,33,3,0
1486,34,1,1,15985
1487,34,2,1,6032
1488,34,3,1,17542
1489,34,4,1,3604
1490,34,5,1,3150
1491,34,6,1,3071
1492,34,7,1,1034
1493,34,8,1,2529
1494,34,9,1,2132
1495,34,10,1,3432
1496,34,11,1,5219
1497,34,12,1,514
1498,34,13,1,2960
1499,34,14,1,946
1500,34,15,1,2623
1501,34,16,1,2748
1502,34,17,1,3646
1503,34,18,1,3856
1504,34,19,1,1990
1505,34,20,1,3113
1506,34,21,1,5761
1507,34,22,1,1665
1508,34,23,1,4169
1509,34,24,1,14676
1510,34,25,1,584
1511,34,26,1,646
1512,34,27,1,514
1513,34,28,1,135
1514,34,29,1,100
1515,34,30,1,49
1516,34,31,1,152
1517,34,32,1,55
1518,34,33,1,71
1519,34,1,2,12497
1520,34,2,2,5150
1521,34,3,2,15580
1522,34,4,2,2848
1523,34,5,2,2558
1524,34,6,2,2430
1525,34,7,2,561
1526,34,8,2,1688
1527,34,9,2,1418
1528,34,10,2,2743
1529,34,11,2,3851
1530,34,12,2,323
1531,34,13,2,2094
1532,34,14,2,564
1533,34,15,2,1947
1534,34,16,2,1788
1535,34,17,2,2782
1536,34,18,2,2677
1537,34,19,2,1468
1538,34,20,2,2379
1539,34,21,2,4606
1540,34,22,2,1277
1541,34,23,2,3064
1542,34,24,2,10811
1543,34,25,2,288
1544,34,26,2,350
1545,34,27,2,274
1546,34,28,2,86
1547,34,29,2,69
1548,34,30,2,37
1549,34,31,2,65
1550,34,32,2,35
1551,34,33,2,47
1552,34,1,3,1
1553,34,2,3,0
1554,34,3,3,0
1555,34,4,3,0
1556,34,5,3,0
1557,34,6,3,1
1558,34,7,3,0
1559,34,8,3,0
1560,34,9,3,0
1561,34,10,3,0
1562,34,11,3,1
1563,34,12,3,1
1564,34,13,3,0
1565,34,14,3,0
1566,34,15,3,1
1567,34,16,3,3
1568,34,17,3,0
1569,34,18,3,0
1570,34,19,3,0
1571,34,20,3,0
1572,34,21,3,0
1573,34,22,3,0
1574,34,23,3,4
1575,34,24,3,0
1576,34,25,3,0
1577,34,26,3,0
1578,34,27,3,1
1579,34,28,3,0
1580,34,29,3,0
1581,34,30,3,0
1582,34,31,3,0
1583,34,32,3,0
1584,34,33,3,0
1585,35,1,1,15958
1586,35,2,1,6371
1587,35,3,1,18052
1588,35,4,1,3940
1589,35,5,1,3245
1590,35,6,1,3161
1591,35,7,1,1013
1592,35,8,1,2626
1593,35,9,1,2269
1594,35,10,1,3679
1595,35,11,1,5195
1596,35,12,1,616
1597,35,13,1,2887
1598,35,14,1,981
1599,35,15,1,2679
1600,35,16,1,2709
1601,35,17,1,3651
1602,35,18,1,3854
1603,35,19,1,1991
1604,35,20,1,3185
1605,35,21,1,5869
1606,35,22,1,1710
1607,35,23,1,4117
1608,35,24,1,14377
1609,35,25,1,619
1610,35,26,1,622
1611,35,27,1,474
1612,35,28,1,139
1613,35,29,1,124
1614,35,30,1,40
1615,35,31,1,109
1616,35,32,1,40
1617,35,33,1,78
1618,35,1,2,13091
1619,35,2,2,5656
1620,35,3,2,16595
1621,35,4,2,3202
1622,35,5,2,2701
1623,35,6,2,2454
1624,35,7,2,555
1625,35,8,2,1829
1626,35,9,2,1599
1627,35,10,2,3052
1628,35,11,2,4109
1629,35,12,2,381
1630,35,13,2,2290
1631,35,14,2,692
1632,35,15,2,2055
1633,35,16,2,1793
1634,35,17,2,3056
1635,35,18,2,2955
1636,35,19,2,1583
1637,35,20,2,2521
1638,35,21,2,4779
1639,35,22,2,1394
1640,35,23,2,3104
1641,35,24,2,10929
1642,35,25,2,315
1643,35,26,2,387
1644,35,27,2,256
1645,35,28,2,91
1646,35,29,2,65
1647,35,30,2,32
1648,35,31,2,63
1649,35,32,2,23
1650,35,33,2,41
1651,35,1,3,0
1652,35,2,3,0
1653,35,3,3,0
1654,35,4,3,0
1655,35,5,3,0
1656,35,6,3,4
1657,35,7,3,1
1658,35,8,3,0
1659,35,9,3,0
1660,35,10,3,0
1661,35,11,3,5
1662,35,12,3,1
1663,35,13,3,0
1664,35,14,3,1
1665,35,15,3,1
1666,35,16,3,0
1667,35,17,3,0
1668,35,18,3,2
1669,35,19,3,0
1670,35,20,3,1
1671,35,21,3,1
1672,35,22,3,1
1673,35,23,3,3
1674,35,24,3,2
1675,35,25,3,0
1676,35,26,3,0
1677,35,27,3,0
1678,35,28,3,0
1679,35,29,3,0
1680,35,30,3,0
1681,35,31,3,0
1682,35,32,3,0
1683,35,33,3,0
1684,36,1,1,16518
1685,36,2,1,6856
1686,36,3,1,18633
1687,36,4,1,4242
1688,36,5,1,3345
1689,36,6,1,3133
1690,36,7,1,965
1691,36,8,1,2793
1692,36,9,1,2500
1693,36,10,1,3686
1694,36,11,1,5521
1695,36,12,1,607
1696,36,13,1,3229
1697,36,14,1,1075
1698,36,15,1,2604
1699,36,16,1,2812
1700,36,17,1,3847
1701,36,18,1,3863
1702,36,19,1,2092
1703,36,20,1,3378
1704,36,21,1,5952
1705,36,22,1,1932
1706,36,23,1,4381
1707,36,24,1,15158
1708,36,25,1,569
1709,36,26,1,662
1710,36,27,1,448
1711,36,28,1,139
1712,36,29,1,145
1713,36,30,1,31
1714,36,31,1,143
1715,36,32,1,48
1716,36,33,1,88
1717,36,1,2,13712
1718,36,2,2,5995
1719,36,3,2,16985
1720,36,4,2,3493
1721,36,5,2,2732
1722,36,6,2,2588
1723,36,7,2,608
1724,36,8,2,2030
1725,36,9,2,1751
1726,36,10,2,3160
1727,36,11,2,4141
1728,36,12,2,472
1729,36,13,2,2603
1730,36,14,2,653
1731,36,15,2,2062
1732,36,16,2,1824
1733,36,17,2,3096
1734,36,18,2,2977
1735,36,19,2,1534
1736,36,20,2,2602
1737,36,21,2,4904
1738,36,22,2,1524
1739,36,23,2,3323
1740,36,24,2,11975
1741,36,25,2,300
1742,36,26,2,398
1743,36,27,2,262
1744,36,28,2,89
1745,36,29,2,67
1746,36,30,2,34
1747,36,31,2,61
1748,36,32,2,35
1749,36,33,2,47
1750,36,1,3,4
1751,36,2,3,1
1752,36,3,3,1
1753,36,4,3,0
1754,36,5,3,1
1755,36,6,3,1
1756,36,7,3,3
1757,36,8,3,5
1758,36,9,3,0
1759,36,10,3,0
1760,36,11,3,5
1761,36,12,3,1
1762,36,13,3,0
1763,36,14,3,0
1764,36,15,3,1
1765,36,16,3,3
1766,36,17,3,9
1767,36,18,3,1
1768,36,19,3,0
1769,36,20,3,0
1770,36,21,3,0
1771,36,22,3,1
1772,36,23,3,1
1773,36,24,3,0
1774,36,25,3,0
1775,36,26,3,0
1776,36,27,3,1
1777,36,28,3,0
1778,36,29,3,0
1779,36,30,3,0
1780,36,31,3,0
1781,36,32,3,0
1782,36,33,3,1
1783,37,1,1,17617
1784,37,2,1,6779
1785,37,3,1,19250
1786,37,4,1,4037
1787,37,5,1,3456
1788,37,6,1,3248
1789,37,7,1,939
1790,37,8,1,2907
1791,37,9,1,2484
1792,37,10,1,3626
1793,37,11,1,5702
1794,37,12,1,612
1795,37,13,1,3381
1796,37,14,1,1120
1797,37,15,1,2602
1798,37,16,1,2881
1799,37,17,1,3882
1800,37,18,1,4027
1801,37,19,1,2183
1802,37,20,1,3553
1803,37,21,1,5940
1804,37,22,1,1917
1805,37,23,1,4398
1806,37,24,1,14864
1807,37,25,1,553
1808,37,26,1,778
1809,37,27,1,487
1810,37,28,1,138
1811,37,29,1,100
1812,37,30,1,51
1813,37,31,1,144
1814,37,32,1,54
1815,37,33,1,96
1816,37,1,2,14217
1817,37,2,2,6040
1818,37,3,2,17563
1819,37,4,2,3279
1820,37,5,2,2814
1821,37,6,2,2583
1822,37,7,2,570
1823,37,8,2,2120
1824,37,9,2,1807
1825,37,10,2,2950
1826,37,11,2,4325
1827,37,12,2,458
1828,37,13,2,2674
1829,37,14,2,744
1830,37,15,2,2082
1831,37,16,2,1869
1832,37,17,2,3165
1833,37,18,2,2967
1834,37,19,2,1659
1835,37,20,2,2849
1836,37,21,2,4875
1837,37,22,2,1554
1838,37,23,2,3150
1839,37,24,2,11543
1840,37,25,2,323
1841,37,26,2,479
1842,37,27,2,272
1843,37,28,2,100
1844,37,29,2,52
1845,37,30,2,32
1846,37,31,2,53
1847,37,32,2,37
1848,37,33,2,37
1849,37,1,3,3
1850,37,2,3,4
1851,37,3,3,1
1852,37,4,3,2
1853,37,5,3,0
1854,37,6,3,2
1855,37,7,3,0
1856,37,8,3,3
1857,37,9,3,0
1858,37,10,3,0
1859,37,11,3,3
1860,37,12,3,3
1861,37,13,3,0
1862,37,14,3,1
1863,37,15,3,0
1864,37,16,3,0
1865,37,17,3,0
1866,37,18,3,2
1867,37,19,3,0
1868,37,20,3,0
1869,37,21,3,0
1870,37,22,3,1
1871,37,23,3,0
1872,37,24,3,3
1873,37,25,3,1
1874,37,26,3,0
1875,37,27,3,1
1876,37,28,3,0
1877,37,29,3,0
1878,37,30,3,0
1879,37,31,3,0
1880,37,32,3,0
1881,37,33,3,0
1882,38,1,1,18048
1883,38,2,1,7215
1884,38,3,1,19049
1885,38,4,1,4375
1886,38,5,1,3247
1887,38,6,1,3167
1888,38,7,1,970
1889,38,8,1,2935
1890,38,9,1,2458
1891,38,10,1,3786
1892,38,11,1,6043
1893,38,12,1,584
1894,38,13,1,3288
1895,38,14,1,1127
1896,38,15,1,2695
1897,38,16,1,2674
1898,38,17,1,3903
1899,38,18,1,4248
1900,38,19,1,2161
1901,38,20,1,3439
1902,38,21,1,6055
1903,38,22,1,2068
1904,38,23,1,4270
1905,38,24,1,15114
1906,38,25,1,579
1907,38,26,1,703
1908,38,27,1,647
1909,38,28,1,145
1910,38,29,1,99
1911,38,30,1,50
1912,38,31,1,159
1913,38,32,1,45
1914,38,33,1,104
1915,38,1,2,14999
1916,38,2,2,6216
1917,38,3,2,17819
1918,38,4,2,3641
1919,38,5,2,2773
1920,38,6,2,2560
1921,38,7,2,592
1922,38,8,2,2094
1923,38,9,2,1831
1924,38,10,2,3078
1925,38,11,2,4570
1926,38,12,2,426
1927,38,13,2,2522
1928,38,14,2,815
1929,38,15,2,2011
1930,38,16,2,1804
1931,38,17,2,3320
1932,38,18,2,3168
1933,38,19,2,1618
1934,38,20,2,2880
1935,38,21,2,4955
1936,38,22,2,1673
1937,38,23,2,3246
1938,38,24,2,11926
1939,38,25,2,328
1940,38,26,2,455
1941,38,27,2,490
1942,38,28,2,83
1943,38,29,2,60
1944,38,30,2,34
1945,38,31,2,57
1946,38,32,2,19
1947,38,33,2,56
1948,38,1,3,2
1949,38,2,3,1
1950,38,3,3,2
1951,38,4,3,0
1952,38,5,3,4
1953,38,6,3,1
1954,38,7,3,1
1955,38,8,3,2
1956,38,9,3,0
1957,38,10,3,0
1958,38,11,3,9
1959,38,12,3,0
1960,38,13,3,1
1961,38,14,3,1
1962,38,15,3,1
1963,38,16,3,1
1964,38,17,3,1
1965,38,18,3,1
1966,38,19,3,2
1967,38,20,3,0
1968,38,21,3,10
1969,38,22,3,1
1970,38,23,3,5
1971,38,24,3,6
1972,38,25,3,0
1973,38,26,3,1
1974,38,27,3,1
1975,38,28,3,0
1976,38,29,3,0
1977,38,30,3,0
1978,38,31,3,0
1979,38,32,3,0
1980,38,33,3,1
1981,39,1,1,18748
1982,39,2,1,7599
1983,39,3,1,19317
1984,39,4,1,4649
1985,39,5,1,3341
1986,39,6,1,3216
1987,39,7,1,1013
1988,39,8,1,3149
1989,39,9,1,2867
1990,39,10,1,4168
1991,39,11,1,6228
1992,39,12,1,617
1993,39,13,1,3345
1994,39,14,1,1354
1995,39,15,1,2762
1996,39,16,1,2739
1997,39,17,1,4452
1998,39,18,1,4697
1999,39,19,1,2254
2000,39,20,1,3564
2001,39,21,1,6184
2002,39,22,1,2221
2003,39,23,1,4442
2004,39,24,1,15292
2005,39,25,1,675
2006,39,26,1,734
2007,39,27,1,520
2008,39,28,1,140
2009,39,29,1,95
2010,39,30,1,76
2011,39,31,1,155
2012,39,32,1,60
2013,39,33,1,103
2014,39,1,2,15103
2015,39,2,2,6789
2016,39,3,2,18089
2017,39,4,2,3928
2018,39,5,2,2687
2019,39,6,2,2608
2020,39,7,2,592
2021,39,8,2,2247
2022,39,9,2,2173
2023,39,10,2,3228
2024,39,11,2,4717
2025,39,12,2,443
2026,39,13,2,2664
2027,39,14,2,971
2028,39,15,2,2327
2029,39,16,2,1894
2030,39,17,2,3509
2031,39,18,2,3426
2032,39,19,2,1568
2033,39,20,2,2933
2034,39,21,2,5227
2035,39,22,2,1816
2036,39,23,2,3287
2037,39,24,2,12303
2038,39,25,2,370
2039,39,26,2,492
2040,39,27,2,303
2041,39,28,2,85
2042,39,29,2,62
2043,39,30,2,52
2044,39,31,2,68
2045,39,32,2,35
2046,39,33,2,79
2047,39,1,3,5
2048,39,2,3,5
2049,39,3,3,15
2050,39,4,3,0
2051,39,5,3,1
2052,39,6,3,2
2053,39,7,3,9
2054,39,8,3,2
2055,39,9,3,0
2056,39,10,3,0
2057,39,11,3,5
2058,39,12,3,1
2059,39,13,3,5
2060,39,14,3,0
2061,39,15,3,0
2062,39,16,3,0
2063,39,17,3,9
2064,39,18,3,2
2065,39,19,3,4
2066,39,20,3,0
2067,39,21,3,2
2068,39,22,3,0
2069,39,23,3,2
2070,39,24,3,7
2071,39,25,3,2
2072,39,26,3,0
2073,39,27,3,1
2074,39,28,3,0
2075,39,29,3,1
2076,39,30,3,0
2077,39,31,3,1
2078,39,32,3,0
2079,39,33,3,0
2080,40,1,1,18978
2081,40,2,1,7779
2082,40,3,1,20058
2083,40,4,1,4794
2084,40,5,1,3350
2085,40,6,1,3185
2086,40,7,1,1006
2087,40,8,1,3330
2088,40,9,1,3122
2089,40,10,1,4378
2090,40,11,1,6277
2091,40,12,1,732
2092,40,13,1,3452
2093,40,14,1,1486
2094,40,15,1,2832
2095,40,16,1,2860
2096,40,17,1,4291
2097,40,18,1,4780
2098,40,19,1,2241
2099,40,20,1,3653
2100,40,21,1,6430
2101,40,22,1,2351
2102,40,23,1,4580
2103,40,24,1,15820
2104,40,25,1,741
2105,40,26,1,837
2106,40,27,1,524
2107,40,28,1,148
2108,40,29,1,125
2109,40,30,1,78
2110,40,31,1,185
2111,40,32,1,48
2112,40,33,1,122
2113,40,1,2,15481
2114,40,2,2,7025
2115,40,3,2,18679
2116,40,4,2,4119
2117,40,5,2,2698
2118,40,6,2,2734
2119,40,7,2,605
2120,40,8,2,2302
2121,40,9,2,2244
2122,40,10,2,3403
2123,40,11,2,4904
2124,40,12,2,476
2125,40,13,2,2713
2126,40,14,2,1142
2127,40,15,2,2262
2128,40,16,2,2051
2129,40,17,2,3542
2130,40,18,2,3510
2131,40,19,2,1706
2132,40,20,2,2939
2133,40,21,2,5464
2134,40,22,2,1928
2135,40,23,2,3508
2136,40,24,2,12616
2137,40,25,2,423
2138,40,26,2,568
2139,40,27,2,294
2140,40,28,2,91
2141,40,29,2,65
2142,40,30,2,37
2143,40,31,2,55
2144,40,32,2,39
2145,40,33,2,66
2146,40,1,3,14
2147,40,2,3,0
2148,40,3,3,23
2149,40,4,3,2
2150,40,5,3,4
2151,40,6,3,0
2152,40,7,3,15
2153,40,8,3,1
2154,40,9,3,2
2155,40,10,3,3
2156,40,11,3,4
2157,40,12,3,2
2158,40,13,3,0
2159,40,14,3,1
2160,40,15,3,1
2161,40,16,3,0
2162,40,17,3,4
2163,40,18,3,2
2164,40,19,3,1
2165,40,20,3,2
2166,40,21,3,0
2167,40,22,3,1
2168,40,23,3,2
2169,40,24,3,7
2170,40,25,3,0
2171,40,26,3,0
2172,40,27,3,1
2173,40,28,3,0
2174,40,29,3,0
2175,40,30,3,0
2176,40,31,3,1
2177,40,32,3,0
2178,40,33,3,0
2179,41,1,1,22636
2180,41,2,1,11239
2181,41,3,1,27295
2182,41,4,1,6755
2183,41,5,1,3861
2184,41,6,1,3865
2185,41,7,1,1448
2186,41,8,1,3838
2187,41,9,1,3894
2188,41,10,1,6143
2189,41,11,1,7801
2190,41,12,1,934
2191,41,13,1,4310
2192,41,14,1,1722
2193,41,15,1,3988
2194,41,16,1,3602
2195,41,17,1,5282
2196,41,18,1,6328
2197,41,19,1,2737
2198,41,20,1,4276
2199,41,21,1,8357
2200,41,22,1,3005
2201,41,23,1,5490
2202,41,24,1,19262
2203,41,25,1,764
2204,41,26,1,1003
2205,41,27,1,813
2206,41,28,1,189
2207,41,29,1,191
2208,41,30,1,92
2209,41,31,1,183
2210,41,32,1,59
2211,41,33,1,119
2212,41,1,2,17485
2213,41,2,2,8804
2214,41,3,2,22481
2215,41,4,2,5210
2216,41,5,2,3093
2217,41,6,2,2912
2218,41,7,2,834
2219,41,8,2,2693
2220,41,9,2,2795
2221,41,10,2,4470
2222,41,11,2,5688
2223,41,12,2,637
2224,41,13,2,3269
2225,41,14,2,1235
2226,41,15,2,2960
2227,41,16,2,2316
2228,41,17,2,4023
2229,41,18,2,4403
2230,41,19,2,1880
2231,41,20,2,3328
2232,41,21,2,6347
2233,41,22,2,2209
2234,41,23,2,3889
2235,41,24,2,14272
2236,41,25,2,451
2237,41,26,2,659
2238,41,27,2,462
2239,41,28,2,98
2240,41,29,2,137
2241,41,30,2,52
2242,41,31,2,75
2243,41,32,2,46
2244,41,33,2,75
2245,41,1,3,23
2246,41,2,3,0
2247,41,3,3,7
2248,41,4,3,2
2249,41,5,3,1
2250,41,6,3,6
2251,41,7,3,1
2252,41,8,3,4
2253,41,9,3,1
2254,41,10,3,1
2255,41,11,3,9
2256,41,12,3,2
2257,41,13,3,3
2258,41,14,3,0
2259,41,15,3,5
2260,41,16,3,1
2261,41,17,3,1
2262,41,18,3,4
2263,41,19,3,2
2264,41,20,3,0
2265,41,21,3,1
2266,41,22,3,1
2267,41,23,3,5
2268,41,24,3,1
2269,41,25,3,1
2270,41,26,3,0
2271,41,27,3,1
2272,41,28,3,0
2273,41,29,3,0
2274,41,30,3,0
2275,41,31,3,1
2276,41,32,3,0
2277,41,33,3,0
2278,42,1,1,28201
2279,42,2,1,13101
2280,42,3,1,33194
2281,42,4,1,6730
2282,42,5,1,5075
2283,42,6,1,4777
2284,42,7,1,1424
2285,42,8,1,4629
2286,42,9,1,4643
2287,42,10,1,6392
2288,42,11,1,10377
2289,42,12,1,1139
2290,42,13,1,5228
2291,42,14,1,2061
2292,42,15,1,4803
2293,42,16,1,4394
2294,42,17,1,6016
2295,42,18,1,6819
2296,42,19,1,3165
2297,42,20,1,5007
2298,42,21,1,10646
2299,42,22,1,3368
2300,42,23,1,6593
2301,42,24,1,23175
2302,42,25,1,1000
2303,42,26,1,1490
2304,42,27,1,997
2305,42,28,1,223
2306,42,29,1,190
2307,42,30,1,101
2308,42,31,1,265
2309,42,32,1,47
2310,42,33,1,157
2311,42,1,2,22400
2312,42,2,2,11069
2313,42,3,2,27070
2314,42,4,2,5607
2315,42,5,2,3867
2316,42,6,2,3673
2317,42,7,2,878
2318,42,8,2,3303
2319,42,9,2,3330
2320,42,10,2,4792
2321,42,11,2,7577
2322,42,12,2,823
2323,42,13,2,3782
2324,42,14,2,1573
2325,42,15,2,3795
2326,42,16,2,2890
2327,42,17,2,4711
2328,42,18,2,4795
2329,42,19,2,2362
2330,42,20,2,4078
2331,42,21,2,7898
2332,42,22,2,2488
2333,42,23,2,4726
2334,42,24,2,17530
2335,42,25,2,546
2336,42,26,2,900
2337,42,27,2,535
2338,42,28,2,138
2339,42,29,2,106
2340,42,30,2,72
2341,42,31,2,140
2342,42,32,2,51
2343,42,33,2,91
2344,42,1,3,9
2345,42,2,3,2
2346,42,3,3,12
2347,42,4,3,0
2348,42,5,3,1
2349,42,6,3,6
2350,42,7,3,8
2351,42,8,3,0
2352,42,9,3,2
2353,42,10,3,0
2354,42,11,3,4
2355,42,12,3,0
2356,42,13,3,1
2357,42,14,3,0
2358,42,15,3,2
2359,42,16,3,1
2360,42,17,3,0
2361,42,18,3,1
2362,42,19,3,2
2363,42,20,3,2
2364,42,21,3,1
2365,42,22,3,0
2366,42,23,3,3
2367,42,24,3,5
2368,42,25,3,3
2369,42,26,3,0
2370,42,27,3,0
2371,42,28,3,0
2372,42,29,3,0
2373,42,30,3,1
2374,42,31,3,0
2375,42,32,3,0
2376,42,33,3,0
