'Row_Id','IdAÃ±o','IdPais','Emigrantes'
1,26,1,4
2,27,1,33
3,28,1,35
4,29,1,41
5,30,1,66
6,31,1,50
7,32,1,47
8,33,1,24
9,34,1,26
10,35,1,15
11,36,1,1
12,37,1,1
13,38,1,2
14,39,1,10
15,41,1,2
16,26,2,2
17,27,2,2
18,29,2,3
19,30,2,1
20,32,2,2
21,33,2,6
22,35,2,2
23,36,2,2
24,37,2,1
25,38,2,1
26,39,2,3
27,41,2,2
28,35,7,2
29,26,11,2
30,27,11,11
31,28,11,14
32,29,11,11
33,30,11,11
34,31,11,20
35,32,11,19
36,33,11,9
37,34,11,7
38,35,11,10
39,36,11,9
40,37,11,11
41,38,11,8
42,39,11,15
43,41,11,1
44,33,223,1
45,26,4,4
46,27,4,1
47,28,4,4
48,29,4,4
49,30,4,4
50,31,4,4
51,32,4,5
52,33,4,5
53,34,4,4
54,35,4,3
55,36,4,4
56,37,4,6
57,38,4,2
58,39,4,5
59,41,4,2
60,27,5,1
61,28,5,2
62,29,5,2
63,30,5,7
64,31,5,4
65,32,5,6
66,33,5,3
67,34,5,5
68,35,5,2
69,36,5,10
70,37,5,3
71,38,5,1
72,39,5,4
73,41,5,1
74,26,8,3
75,27,8,3
76,28,8,4
77,29,8,3
78,30,8,10
79,31,8,12
80,32,8,2
81,33,8,3
82,34,8,2
83,35,8,4
84,36,8,5
85,37,8,3
86,38,8,4
87,39,8,6
88,41,8,2
89,26,18,1
90,28,18,1
91,29,18,3
92,30,18,1
93,31,18,2
94,32,18,3
95,33,18,5
96,34,18,1
97,35,18,4
98,36,18,3
99,37,18,8
100,38,18,6
101,39,18,3
102,41,18,1
103,26,13,986
104,27,13,1392
105,28,13,2496
106,29,13,3043
107,30,13,4138
108,31,13,6124
109,32,13,6873
110,33,13,7287
111,34,13,7912
112,35,13,7170
113,36,13,7880
114,37,13,8210
115,38,13,9970
116,39,13,10181
117,41,13,3775
118,26,16,375
119,27,16,558
120,28,16,943
121,29,16,1206
122,30,16,1155
123,31,16,1027
124,32,16,1041
125,33,16,1324
126,34,16,1356
127,35,16,1112
128,36,16,1242
129,37,16,1674
130,38,16,1768
131,39,16,2287
132,41,16,1152
133,26,17,72
134,27,17,107
135,28,17,112
136,29,17,142
137,30,17,198
138,31,17,202
139,32,17,213
140,33,17,147
141,34,17,168
142,35,17,107
143,36,17,99
144,37,17,99
145,38,17,118
146,39,17,125
147,41,17,66
148,26,19,14
149,27,19,50
150,28,19,34
151,29,19,27
152,30,19,20
153,31,19,24
154,32,19,60
155,33,19,91
156,34,19,62
157,35,19,29
158,36,19,34
159,37,19,50
160,38,19,41
161,39,19,51
162,41,19,34
163,26,20,2
164,27,20,3
165,29,20,3
166,30,20,2
167,31,20,4
168,32,20,2
169,33,20,4
170,34,20,6
171,35,20,7
172,36,20,6
173,37,20,2
174,38,20,7
175,39,20,12
176,41,20,7
177,26,22,1
178,27,22,1
179,29,22,3
180,32,22,1
181,33,22,5
182,34,22,1
183,37,22,2
184,38,22,2
185,39,22,1
186,26,14,1
187,31,14,1
188,34,14,3
189,35,14,1
190,37,14,1
191,38,14,2
192,39,14,2
193,26,23,1
194,27,23,25
195,28,23,3
196,29,23,8
197,31,23,12
198,32,23,10
199,33,23,4
200,34,23,3
201,35,23,3
202,36,23,4
203,37,23,37
204,38,23,44
205,39,23,9
206,41,23,6
207,26,25,153
208,27,25,148
209,28,25,192
210,29,25,309
211,30,25,362
212,31,25,332
213,32,25,379
214,33,25,280
215,34,25,294
216,35,25,210
217,36,25,275
218,37,25,311
219,38,25,265
220,39,25,377
221,41,25,167
222,26,28,8
223,28,28,6
224,29,28,2
225,30,28,5
226,31,28,5
227,32,28,5
228,33,28,5
229,34,28,28
230,35,28,1
231,36,28,2
232,37,28,6
233,38,28,6
234,39,28,5
235,41,28,1
236,26,31,321
237,27,31,283
238,28,31,299
239,29,31,382
240,30,31,544
241,31,31,565
242,32,31,459
243,33,31,553
244,34,31,761
245,35,31,756
246,36,31,956
247,37,31,1240
248,38,31,1333
249,39,31,1599
250,41,31,1038
251,28,32,1
252,30,32,1
253,31,32,1
254,34,32,1
255,39,32,2
256,41,32,1
257,34,33,1
258,36,33,1
259,26,34,961
260,27,34,1092
261,28,34,1419
262,29,34,1674
263,30,34,2336
264,31,34,2963
265,32,34,3746
266,33,34,3562
267,34,34,5481
268,35,34,6182
269,36,34,6413
270,37,34,8414
271,38,34,9637
272,39,34,11888
273,41,34,4869
274,26,26,7
275,27,26,4
276,28,26,8
277,29,26,8
278,30,26,8
279,31,26,7
280,32,26,10
281,33,26,17
282,34,26,17
283,35,26,3
284,36,26,20
285,37,26,15
286,38,26,12
287,39,26,22
288,41,26,6
289,29,255,3
290,35,132,1
291,27,136,2
292,29,136,3
293,30,136,4
294,31,136,3
295,34,136,2
296,35,136,1
297,36,136,1
298,37,136,1
299,38,136,2
300,39,136,8
301,27,35,2
302,28,35,1
303,32,35,1
304,34,35,2
305,37,35,1
306,26,37,11
307,28,37,8
308,29,37,8
309,30,37,13
310,31,37,2
311,32,37,10
312,33,37,7
313,34,37,5
314,35,37,6
315,36,37,9
316,37,37,1
317,38,37,5
318,39,37,5
319,41,37,5
320,28,183,1
321,29,183,1
322,30,183,3
323,31,183,1
324,32,183,1
325,33,183,5
326,34,183,4
327,35,183,7
328,36,183,3
329,37,183,2
330,38,183,1
331,39,183,5
332,41,183,10
333,30,39,1
334,31,39,2
335,38,39,1
336,26,24,15
337,27,24,6
338,28,24,9
339,29,24,30
340,30,24,18
341,31,24,18
342,32,24,22
343,33,24,24
344,34,24,11
345,35,24,5
346,36,24,1
347,37,24,1
348,38,24,5
349,39,24,5
350,41,24,1
351,27,43,1
352,28,43,1
353,29,43,1
354,30,43,4
355,32,43,2
356,33,43,3
357,36,43,5
358,37,43,1
359,38,43,3
360,39,43,6
361,41,43,1
362,27,44,1
363,28,44,1
364,29,44,2
365,30,44,2
366,31,44,3
367,32,44,7
368,33,44,3
369,34,44,1
370,35,44,9
371,36,44,3
372,37,44,4
373,38,44,6
374,39,44,5
375,41,44,1
376,26,45,2586
377,27,45,2882
378,28,45,3638
379,29,45,4901
380,30,45,4396
381,31,45,5148
382,32,45,5322
383,33,45,5894
384,34,45,5895
385,35,45,6076
386,36,45,6288
387,37,45,7392
388,38,45,8500
389,39,45,9710
390,41,45,5606
391,26,42,6
392,27,42,6
393,28,42,3
394,30,42,1
395,31,42,3
396,32,42,4
397,33,42,1
398,34,42,2
399,35,42,1
400,36,42,1
401,37,42,2
402,38,42,1
403,39,42,5
404,41,42,3
405,26,116,38
406,27,116,38
407,28,116,37
408,29,116,61
409,30,116,56
410,31,116,39
411,32,116,24
412,33,116,28
413,34,116,30
414,35,116,26
415,36,116,47
416,37,116,44
417,38,116,24
418,39,116,34
419,41,116,5
420,26,214,2
421,28,214,1
422,29,214,2
423,30,214,1
424,31,214,3
425,32,214,4
426,33,214,3
427,34,214,3
428,35,214,3
429,36,214,1
430,37,214,1
431,38,214,1
432,39,214,3
433,41,214,2
434,26,243,2
435,27,243,1
436,28,243,1
437,30,243,5
438,31,243,1
439,32,243,3
440,34,243,2
441,35,243,1
442,38,243,2
443,27,47,1
444,29,47,2
445,30,47,1
446,31,47,1
447,32,47,2
448,33,47,1
449,34,47,1
450,35,47,2
451,37,47,1
452,38,47,1
453,26,49,950
454,27,49,1136
455,28,49,1601
456,29,49,2311
457,30,49,3441
458,31,49,4851
459,32,49,7854
460,33,49,9869
461,34,49,14138
462,35,49,15600
463,36,49,18445
464,37,49,24753
465,38,49,27958
466,39,49,30557
467,41,49,16947
468,26,50,59
469,27,50,136
470,28,50,185
471,29,50,310
472,30,50,290
473,31,50,350
474,32,50,481
475,33,50,460
476,34,50,461
477,35,50,454
478,36,50,451
479,37,50,444
480,38,50,478
481,39,50,565
482,41,50,120
483,26,252,46
484,27,252,37
485,28,252,20
486,29,252,28
487,30,252,38
488,31,252,49
489,32,252,22
490,33,252,6
491,34,252,18
492,35,252,4
493,36,252,25
494,37,252,13
495,38,252,11
496,39,252,17
497,41,252,12
498,26,53,383
499,27,53,999
500,28,53,1077
501,34,53,11
502,35,53,83
503,36,53,35
504,37,53,18
505,38,53,1771
506,39,53,43
507,41,53,2
508,35,55,1
509,37,55,2
510,38,55,1
511,41,55,1
512,33,120,1
513,26,61,1386
514,27,61,925
515,28,61,1081
516,29,61,1568
517,30,61,1746
518,31,61,1673
519,32,61,1604
520,33,61,1305
521,34,61,1493
522,35,61,1354
523,36,61,1492
524,37,61,1952
525,38,61,2198
526,39,61,2424
527,41,61,1110
528,26,62,4
529,27,62,32
530,28,62,13
531,29,62,6
532,30,62,3
533,31,62,3
534,32,62,9
535,33,62,3
536,34,62,4
537,35,62,4
538,36,62,2
539,37,62,5
540,38,62,6
541,39,62,5
542,41,62,9
543,26,63,235
544,27,63,426
545,28,63,457
546,29,63,534
547,30,63,607
548,31,63,586
549,32,63,608
550,33,63,708
551,34,63,738
552,35,63,767
553,36,63,815
554,37,63,1025
555,38,63,1131
556,39,63,1228
557,41,63,544
558,26,51,3
559,27,51,2
560,28,51,4
561,29,51,3
562,30,51,2
563,31,51,10
564,32,51,6
565,33,51,1
566,35,51,1
567,38,51,1
568,39,51,5
569,41,51,1
570,26,215,17
571,27,215,12
572,28,215,17
573,29,215,15
574,30,215,37
575,31,215,58
576,32,215,22
577,33,215,15
578,34,215,19
579,35,215,13
580,36,215,17
581,37,215,25
582,38,215,22
583,39,215,31
584,41,215,12
585,26,27,3
586,27,27,1
587,28,27,2
588,29,27,1
589,32,27,1
590,33,27,1
591,34,27,3
592,35,27,2
593,38,27,1
594,39,27,2
595,41,27,8
596,26,64,65
597,27,64,75
598,28,64,95
599,29,64,104
600,30,64,115
601,31,64,87
602,32,64,105
603,33,64,85
604,34,64,82
605,35,64,50
606,36,64,66
607,37,64,67
608,38,64,64
609,39,64,80
610,41,64,30
611,26,66,9
612,27,66,6
613,28,66,2
614,29,66,6
615,30,66,4
616,31,66,26
617,32,66,15
618,33,66,16
619,34,66,8
620,35,66,1
621,36,66,2
622,37,66,4
623,39,66,4
624,41,66,3
625,26,216,441
626,27,216,593
627,28,216,663
628,29,216,898
629,30,216,1258
630,31,216,1079
631,32,216,1113
632,33,216,1058
633,34,216,1034
634,35,216,1139
635,36,216,1492
636,37,216,2037
637,38,216,1961
638,39,216,2721
639,41,216,1302
640,26,67,21169
641,27,67,21072
642,28,67,24380
643,29,67,31425
644,30,67,30330
645,31,67,30735
646,32,67,33573
647,33,67,39246
648,34,67,36407
649,35,67,35622
650,36,67,36072
651,37,67,36909
652,38,67,37685
653,39,67,171799
654,41,67,12747
655,26,69,100
656,27,69,128
657,28,69,158
658,29,69,152
659,30,69,184
660,31,69,294
661,32,69,493
662,33,69,513
663,34,69,889
664,35,69,1021
665,36,69,953
666,37,69,1216
667,38,69,1712
668,39,69,1347
669,41,69,471
670,26,96,1
671,27,96,5
672,28,96,6
673,29,96,5
674,30,96,10
675,31,96,10
676,32,96,9
677,33,96,19
678,34,96,14
679,35,96,23
680,36,96,19
681,37,96,12
682,38,96,8
683,39,96,5
684,41,96,3
685,26,78,1
686,27,78,1
687,28,78,2
688,29,78,6
689,30,78,2
690,31,78,1
691,32,78,3
692,34,78,2
693,35,78,2
694,37,78,2
695,38,78,5
696,39,78,6
697,41,78,4
698,26,71,2
699,29,71,2
700,30,71,3
701,31,71,2
702,32,71,1
703,34,71,3
704,35,71,1
705,36,71,1
706,39,71,1
707,26,77,1
708,27,77,2
709,29,77,5
710,30,77,5
711,31,77,6
712,32,77,8
713,33,77,4
714,34,77,7
715,35,77,3
716,36,77,1
717,37,77,3
718,38,77,1
719,39,77,3
720,41,77,2
721,31,122,2
722,30,79,1
723,31,79,1
724,32,79,2
725,35,79,1
726,26,81,42
727,27,81,34
728,28,81,47
729,29,81,49
730,30,81,36
731,31,81,42
732,32,81,37
733,33,81,66
734,34,81,28
735,35,81,35
736,36,81,39
737,37,81,28
738,38,81,29
739,39,81,28
740,41,81,139
741,32,114,3
742,33,114,1
743,34,114,2
744,36,114,1
745,39,114,1
746,26,82,1604
747,27,82,1574
748,28,82,2161
749,29,82,2908
750,30,82,3378
751,31,82,3625
752,32,82,3365
753,33,82,2714
754,34,82,2527
755,35,82,2376
756,36,82,2523
757,37,82,3567
758,38,82,3964
759,39,82,4796
760,41,82,1966
761,28,99,4
762,29,99,7
763,30,99,4
764,31,99,1
765,32,99,7
766,33,99,1
767,34,99,3
768,35,99,6
769,36,99,4
770,37,99,6
771,38,99,1
772,39,99,6
773,41,99,5
774,27,208,2
775,29,208,4
776,30,208,4
777,31,208,2
778,32,208,7
779,33,208,1
780,38,208,1
781,41,208,1
782,33,277,1
783,28,83,1
784,29,83,1
785,31,83,1
786,32,83,1
787,34,83,1
788,36,83,1
789,37,83,1
790,38,83,1
791,39,83,1
792,41,83,2
793,26,85,1
794,29,85,1
795,30,85,1
796,31,85,3
797,32,85,3
798,33,85,2
799,35,85,1
800,37,85,1
801,39,85,2
802,41,85,2
803,26,84,1
804,30,84,1
805,26,201,9
806,27,201,2
807,28,201,2
808,29,201,4
809,30,201,5
810,31,201,5
811,32,201,6
812,33,201,2
813,34,201,6
814,35,201,10
815,36,201,2
816,39,201,2
817,26,3,807
818,27,3,799
819,28,3,1111
820,29,3,1188
821,30,3,1321
822,31,3,1692
823,32,3,2621
824,33,3,1920
825,34,3,2423
826,35,3,2251
827,36,3,2441
828,37,3,2656
829,38,3,2879
830,39,3,3491
831,41,3,1554
832,26,86,2
833,27,86,1
834,28,86,2
835,29,86,1
836,30,86,3
837,31,86,4
838,32,86,1
839,33,86,1
840,35,86,7
841,36,86,2
842,37,86,1
843,38,86,7
844,39,86,2
845,26,87,3
846,27,87,4
847,28,87,2
848,30,87,1
849,33,87,1
850,34,87,2
851,35,87,1
852,36,87,4
853,37,87,8
854,38,87,4
855,39,87,3
856,27,148,1
857,31,148,1
858,26,89,52
859,27,89,42
860,28,89,41
861,29,89,70
862,30,89,35
863,31,89,40
864,32,89,28
865,33,89,20
866,34,89,28
867,35,89,15
868,36,89,16
869,37,89,26
870,38,89,18
871,39,89,26
872,41,89,7
873,30,90,1
874,31,90,1
875,39,90,1
876,26,88,1
877,27,88,1
878,29,88,6
879,30,88,1
880,32,88,6
881,33,88,3
882,34,88,1
883,26,91,4
884,27,91,3
885,28,91,3
886,29,91,4
887,30,91,3
888,31,91,7
889,32,91,10
890,33,91,2
891,34,91,1
892,35,91,1
893,36,91,2
894,37,91,7
895,38,91,1
896,39,91,2
897,41,91,2
898,37,92,2
899,26,93,666
900,27,93,370
901,28,93,468
902,29,93,500
903,30,93,488
904,31,93,440
905,32,93,534
906,33,93,408
907,34,93,536
908,35,93,576
909,36,93,790
910,37,93,890
911,38,93,929
912,39,93,1087
913,41,93,442
914,27,95,11
915,28,95,5
916,29,95,16
917,30,95,6
918,31,95,6
919,32,95,15
920,33,95,12
921,34,95,11
922,35,95,1
923,36,95,4
924,37,95,4
925,39,95,12
926,26,98,1
927,27,98,4
928,28,98,2
929,29,98,12
930,30,98,3
931,31,98,6
932,32,98,8
933,33,98,4
934,34,98,3
935,35,98,13
936,36,98,3
937,37,98,8
938,38,98,4
939,39,98,12
940,41,98,5
941,26,100,14
942,27,100,23
943,28,100,25
944,29,100,14
945,30,100,28
946,31,100,80
947,32,100,14
948,33,100,37
949,34,100,28
950,35,100,32
951,36,100,36
952,37,100,30
953,38,100,17
954,39,100,18
955,41,100,8
956,30,52,2
957,35,52,2
958,37,52,2
959,26,101,91
960,27,101,127
961,28,101,232
962,29,101,409
963,30,101,508
964,31,101,452
965,32,101,412
966,33,101,356
967,34,101,549
968,35,101,394
969,36,101,282
970,37,101,278
971,38,101,232
972,39,101,265
973,41,101,120
974,26,102,35
975,27,102,62
976,28,102,29
977,29,102,61
978,30,102,42
979,31,102,48
980,32,102,69
981,33,102,61
982,34,102,97
983,35,102,64
984,36,102,70
985,37,102,77
986,38,102,62
987,39,102,63
988,41,102,11
989,26,103,5
990,27,103,13
991,28,103,6
992,29,103,5
993,30,103,20
994,31,103,6
995,32,103,10
996,33,103,3
997,34,103,10
998,35,103,5
999,36,103,5
1000,37,103,9
1001,38,103,6
1002,39,103,19
1003,41,103,11
1004,26,113,6
1005,27,113,6
1006,28,113,7
1007,29,113,1
1008,30,113,6
1009,31,113,8
1010,32,113,4
1011,33,113,14
1012,34,113,10
1013,35,113,6
1014,36,113,7
1015,37,113,7
1016,38,113,7
1017,39,113,9
1018,41,113,5
1019,26,104,31
1020,27,104,37
1021,28,104,57
1022,29,104,49
1023,30,104,49
1024,31,104,52
1025,32,104,57
1026,33,104,75
1027,34,104,102
1028,35,104,69
1029,36,104,91
1030,37,104,78
1031,38,104,64
1032,39,104,89
1033,41,104,51
1034,26,105,20
1035,27,105,15
1036,28,105,15
1037,29,105,10
1038,30,105,21
1039,31,105,48
1040,32,105,67
1041,33,105,44
1042,34,105,28
1043,35,105,18
1044,36,105,14
1045,37,105,15
1046,38,105,8
1047,39,105,8
1048,41,105,1
1049,26,107,7
1050,27,107,9
1051,28,107,15
1052,29,107,20
1053,30,107,14
1054,31,107,13
1055,32,107,16
1056,33,107,27
1057,34,107,19
1058,35,107,18
1059,36,107,13
1060,37,107,13
1061,38,107,8
1062,39,107,7
1063,41,107,8
1064,26,106,45
1065,27,106,5
1066,28,106,11
1067,29,106,8
1068,30,106,5
1069,31,106,4
1070,33,106,2
1071,34,106,2
1072,35,106,3
1073,36,106,3
1074,37,106,2
1075,38,106,2
1076,39,106,3
1077,41,106,1
1078,26,108,22
1079,27,108,23
1080,28,108,31
1081,29,108,27
1082,30,108,44
1083,31,108,28
1084,32,108,18
1085,33,108,74
1086,34,108,42
1087,35,108,34
1088,36,108,36
1089,37,108,36
1090,38,108,21
1091,39,108,37
1092,41,108,20
1093,26,139,960
1094,27,139,1524
1095,28,139,1219
1096,29,139,532
1097,30,139,417
1098,31,139,394
1099,32,139,365
1100,33,139,344
1101,34,139,321
1102,35,139,298
1103,36,139,382
1104,37,139,361
1105,38,139,339
1106,39,139,420
1107,41,139,154
1108,26,140,1346
1109,27,140,1499
1110,28,140,2057
1111,29,140,2448
1112,30,140,2510
1113,31,140,2420
1114,32,140,2370
1115,33,140,2039
1116,34,140,1905
1117,35,140,1589
1118,36,140,1807
1119,37,140,2269
1120,38,140,1873
1121,39,140,2341
1122,41,140,983
1123,28,60,1
1124,30,60,3
1125,32,60,1
1126,33,60,2
1127,34,60,6
1128,35,60,4
1129,36,60,6
1130,37,60,12
1131,38,60,11
1132,39,60,11
1133,41,60,4
1134,26,141,14
1135,27,141,60
1136,28,141,33
1137,29,141,41
1138,30,141,38
1139,31,141,40
1140,32,141,37
1141,33,141,62
1142,34,141,135
1143,35,141,56
1144,36,141,80
1145,37,141,191
1146,38,141,443
1147,39,141,206
1148,41,141,26
1149,26,142,160
1150,27,142,155
1151,28,142,144
1152,29,142,176
1153,30,142,149
1154,31,142,133
1155,32,142,143
1156,33,142,222
1157,34,142,127
1158,35,142,116
1159,36,142,137
1160,37,142,150
1161,38,142,122
1162,39,142,163
1163,41,142,63
1164,27,145,1
1165,28,145,4
1166,29,145,2
1167,31,145,1
1168,33,145,1
1169,34,145,2
1170,35,145,3
1171,36,145,2
1172,37,145,4
1173,38,145,1
1174,39,145,3
1175,26,144,16
1176,27,144,4
1177,28,144,13
1178,29,144,13
1179,30,144,14
1180,31,144,12
1181,32,144,14
1182,33,144,12
1183,34,144,10
1184,35,144,12
1185,36,144,8
1186,37,144,5
1187,38,144,8
1188,39,144,7
1189,26,146,8
1190,27,146,2
1191,28,146,6
1192,29,146,7
1193,30,146,4
1194,31,146,1
1195,32,146,2
1196,33,146,8
1197,34,146,5
1198,35,146,9
1199,36,146,4
1200,37,146,7
1201,38,146,13
1202,39,146,9
1203,41,146,5
1204,26,58,35
1205,27,58,14
1206,28,58,7
1207,29,58,3
1208,30,58,10
1209,31,58,14
1210,32,58,13
1211,33,58,1
1212,35,58,1
1213,37,58,1
1214,38,58,2
1215,39,58,1
1216,26,59,20
1217,27,59,50
1218,28,59,43
1219,29,59,62
1220,30,59,63
1221,31,59,75
1222,32,59,99
1223,33,59,79
1224,34,59,100
1225,35,59,57
1226,36,59,52
1227,37,59,50
1228,38,59,32
1229,39,59,55
1230,41,59,32
1231,27,149,4
1232,28,149,2
1233,29,149,1
1234,30,149,4
1235,31,149,5
1236,32,149,4
1237,33,149,6
1238,34,149,7
1239,35,149,5
1240,36,149,8
1241,37,149,3
1242,38,149,6
1243,39,149,3
1244,41,149,3
1245,35,147,1
1246,27,150,13
1247,28,150,7
1248,29,150,14
1249,30,150,11
1250,31,150,25
1251,32,150,20
1252,38,150,1
1253,39,150,1
1254,41,150,1
1255,26,153,50
1256,27,153,45
1257,28,153,68
1258,29,153,63
1259,30,153,92
1260,31,153,46
1261,32,153,56
1262,33,153,58
1263,34,153,68
1264,35,153,79
1265,36,153,101
1266,37,153,66
1267,38,153,76
1268,39,153,58
1269,41,153,19
1270,26,152,8
1271,27,152,1
1272,28,152,2
1273,29,152,9
1274,30,152,4
1275,31,152,4
1276,32,152,4
1277,33,152,4
1278,34,152,3
1279,35,152,5
1280,36,152,9
1281,37,152,2
1282,39,152,2
1283,26,154,1
1284,31,154,1
1285,37,154,2
1286,38,154,2
1287,41,154,1
1288,29,155,28
1289,31,155,23
1290,32,155,5
1291,35,155,2
1292,36,155,1
1293,37,155,1
1294,39,155,1
1295,29,156,1
1296,34,156,2
1297,35,156,1
1298,36,156,1
1299,37,156,1
1300,38,156,1
1301,41,156,1
1302,26,157,6
1303,27,157,4
1304,28,157,13
1305,29,157,4
1306,30,157,6
1307,31,157,8
1308,32,157,7
1309,33,157,5
1310,34,157,6
1311,35,157,4
1312,36,157,1
1313,37,157,3
1314,38,157,2
1315,39,157,2
1316,41,157,3
1317,26,158,5
1318,27,158,4
1319,28,158,6
1320,29,158,6
1321,30,158,6
1322,31,158,6
1323,32,158,7
1324,33,158,11
1325,34,158,9
1326,35,158,5
1327,36,158,11
1328,37,158,11
1329,38,158,27
1330,39,158,19
1331,41,158,16
1332,26,159,1
1333,39,159,1
1334,30,161,1
1335,31,161,2
1336,33,161,2
1337,34,161,4
1338,35,161,1
1339,36,161,1
1340,37,161,2
1341,38,161,2
1342,39,161,1
1343,41,161,1
1344,28,163,1
1345,29,163,1
1346,31,163,2
1347,34,163,1
1348,36,163,1
1349,37,163,1
1350,26,162,16
1351,27,162,4
1352,28,162,2
1353,29,162,17
1354,30,162,9
1355,31,162,14
1356,32,162,16
1357,33,162,15
1358,34,162,36
1359,35,162,35
1360,36,162,72
1361,37,162,43
1362,38,162,8
1363,39,162,12
1364,41,162,8
1365,27,164,1
1366,29,164,1
1367,30,164,2
1368,26,165,1
1369,27,165,1
1370,31,165,1
1371,32,165,5
1372,33,165,1
1373,34,165,1
1374,35,165,2
1375,36,165,2
1376,37,165,1
1377,39,165,2
1378,41,165,1
1379,26,166,3
1380,27,166,1
1381,29,166,12
1382,30,166,3
1383,31,166,3
1384,32,166,4
1385,33,166,5
1386,34,166,1
1387,35,166,3
1388,36,166,7
1389,37,166,20
1390,38,166,18
1391,39,166,32
1392,41,166,31
1393,26,169,10
1394,27,169,2
1395,28,169,5
1396,29,169,8
1397,30,169,5
1398,31,169,44
1399,32,169,4
1400,33,169,3
1401,34,169,2
1402,36,169,1
1403,38,169,1
1404,39,169,2
1405,32,171,1
1406,33,171,1
1407,34,171,2
1408,35,171,1
1409,26,170,1
1410,28,170,3
1411,29,170,1
1412,33,170,1
1413,34,170,2
1414,35,170,2
1415,36,170,1
1416,38,170,1
1417,39,170,1
1418,26,173,1438
1419,27,173,1521
1420,28,173,2518
1421,29,173,2816
1422,30,173,3002
1423,31,173,3822
1424,32,173,4071
1425,33,173,4195
1426,34,173,6520
1427,35,173,7919
1428,36,173,10539
1429,37,173,11984
1430,38,173,13628
1431,39,173,16454
1432,41,173,8422
1433,27,178,2
1434,29,178,3
1435,30,178,1
1436,32,178,1
1437,33,178,1
1438,34,178,2
1439,37,178,1
1440,38,178,1
1441,41,178,1
1442,31,179,1
1443,32,179,1
1444,37,179,1
1445,39,179,1
1446,30,177,1
1447,31,177,2
1448,32,177,4
1449,33,177,3
1450,34,177,1
1451,35,177,4
1452,37,177,1
1453,39,177,1
1454,31,180,3
1455,32,180,1
1456,33,180,1
1457,34,180,2
1458,36,180,1
1459,37,180,1
1460,41,180,1
1461,32,181,1
1462,26,168,3
1463,27,168,10
1464,28,168,10
1465,29,168,8
1466,30,168,15
1467,31,168,16
1468,32,168,5
1469,33,168,9
1470,34,168,8
1471,35,168,18
1472,36,168,14
1473,37,168,17
1474,38,168,8
1475,39,168,14
1476,41,168,5
1477,26,182,3
1478,28,182,5
1479,29,182,4
1480,30,182,5
1481,31,182,3
1482,33,182,2
1483,34,182,3
1484,35,182,1
1485,36,182,2
1486,37,182,2
1487,38,182,3
1488,39,182,2
1489,41,182,3
1490,28,195,1
1491,29,195,2
1492,30,195,1
1493,31,195,2
1494,32,195,1
1495,33,195,4
1496,34,195,2
1497,35,195,2
1498,36,195,3
1499,37,195,6
1500,38,195,6
1501,39,195,1
1502,41,195,3
1503,29,185,1
1504,33,185,2
1505,36,185,2
1506,39,186,1
1507,29,187,2
1508,30,187,3
1509,32,187,1
1510,34,187,1
1511,36,187,4
1512,38,187,1
1513,39,187,2
1514,26,197,483
1515,27,197,450
1516,28,197,497
1517,29,197,543
1518,30,197,531
1519,31,197,558
1520,32,197,597
1521,33,197,533
1522,34,197,568
1523,35,197,398
1524,36,197,923
1525,37,197,1567
1526,38,197,1583
1527,39,197,1994
1528,41,197,1090
1529,26,9,1
1530,27,9,2
1531,28,9,6
1532,29,9,8
1533,30,9,76
1534,31,9,297
1535,32,9,567
1536,33,9,241
1537,34,9,227
1538,35,9,132
1539,36,9,951
1540,37,9,1387
1541,38,9,1032
1542,39,9,896
1543,41,9,183
1544,26,15,729
1545,27,15,858
1546,28,15,1203
1547,29,15,1776
1548,30,15,2199
1549,31,15,2233
1550,32,15,2114
1551,33,15,1978
1552,34,15,2577
1553,35,15,2082
1554,36,15,2140
1555,37,15,2744
1556,38,15,2992
1557,39,15,3415
1558,41,15,1005
1559,26,193,2
1560,28,193,3
1561,29,193,10
1562,30,193,11
1563,31,193,3
1564,32,193,6
1565,33,193,3
1566,34,193,4
1567,35,193,1
1568,36,193,1
1569,37,193,1
1570,38,193,3
1571,39,193,1
1572,41,193,3
1573,26,272,1
1574,27,272,1
1575,29,272,1
1576,30,272,1
1577,32,272,2
1578,34,272,3
1579,37,272,1
1580,26,194,32
1581,27,194,24
1582,28,194,34
1583,29,194,37
1584,30,194,59
1585,31,194,52
1586,32,194,58
1587,33,194,72
1588,34,194,85
1589,35,194,91
1590,36,194,105
1591,37,194,114
1592,38,194,116
1593,39,194,182
1594,41,194,51
1595,26,188,78
1596,27,188,83
1597,28,188,118
1598,29,188,111
1599,30,188,99
1600,31,188,148
1601,32,188,169
1602,33,188,100
1603,34,188,206
1604,35,188,100
1605,36,188,196
1606,37,188,221
1607,38,188,155
1608,39,188,176
1609,41,188,61
1610,26,189,1
1611,27,189,2
1612,29,189,3
1613,30,189,2
1614,31,189,4
1615,32,189,1
1616,41,189,1
1617,26,190,3
1618,27,190,4
1619,28,190,4
1620,29,190,16
1621,30,190,12
1622,31,190,11
1623,32,190,17
1624,33,190,4
1625,34,190,3
1626,35,190,4
1627,36,190,4
1628,37,190,3
1629,38,190,3
1630,39,190,1
1631,41,190,7
1632,26,192,118
1633,27,192,128
1634,28,192,147
1635,29,192,153
1636,30,192,141
1637,31,192,166
1638,32,192,157
1639,33,192,165
1640,34,192,128
1641,35,192,90
1642,36,192,126
1643,37,192,144
1644,38,192,114
1645,39,192,129
1646,41,192,72
1647,26,127,1
1648,30,130,1
1649,26,199,1
1650,27,199,3
1651,28,199,4
1652,29,199,4
1653,30,199,1
1654,31,199,4
1655,32,199,2
1656,33,199,5
1657,34,199,4
1658,35,199,2
1659,36,199,3
1660,37,199,4
1661,38,199,1
1662,39,199,2
1663,41,199,1
1664,26,202,4450
1665,27,202,5853
1666,28,202,8527
1667,29,202,9776
1668,30,202,10925
1669,31,202,12460
1670,32,202,13728
1671,33,202,14761
1672,34,202,15528
1673,35,202,16587
1674,36,202,18814
1675,37,202,22430
1676,38,202,23716
1677,39,202,25288
1678,41,202,10800
1679,28,203,2
1680,29,203,1
1681,31,203,1
1682,32,203,3
1683,34,203,6
1684,26,204,32
1685,27,204,43
1686,28,204,63
1687,29,204,120
1688,30,204,133
1689,31,204,133
1690,32,204,168
1691,33,204,217
1692,34,204,229
1693,35,204,330
1694,36,204,571
1695,37,204,647
1696,38,204,780
1697,39,204,811
1698,41,204,290
1699,26,206,1312
1700,27,206,1354
1701,28,206,2198
1702,29,206,3356
1703,30,206,4718
1704,31,206,5481
1705,32,206,5563
1706,33,206,5593
1707,34,206,6682
1708,35,206,7105
1709,36,206,7751
1710,37,206,10125
1711,38,206,11399
1712,39,206,30080
1713,41,206,5714
1714,26,80,57
1715,27,80,84
1716,28,80,88
1717,29,80,108
1718,30,80,105
1719,31,80,107
1720,32,80,79
1721,33,80,50
1722,34,80,57
1723,35,80,14
1724,36,80,30
1725,37,80,23
1726,38,80,19
1727,39,80,29
1728,41,80,8
1729,26,209,23
1730,27,209,67
1731,28,209,96
1732,29,209,63
1733,30,209,70
1734,31,209,67
1735,32,209,109
1736,33,209,46
1737,34,209,43
1738,35,209,52
1739,36,209,37
1740,37,209,41
1741,38,209,27
1742,39,209,42
1743,41,209,31
1744,26,210,59
1745,27,210,83
1746,28,210,85
1747,29,210,89
1748,30,210,99
1749,31,210,88
1750,32,210,158
1751,33,210,132
1752,34,210,175
1753,35,210,449
1754,36,210,595
1755,37,210,282
1756,38,210,168
1757,39,210,254
1758,41,210,145
1759,34,97,1
1760,35,97,3
1761,38,97,2
1762,39,97,1
1763,29,257,2
1764,35,257,1
1765,26,211,265
1766,27,211,440
1767,28,211,424
1768,29,211,572
1769,30,211,504
1770,31,211,748
1771,32,211,747
1772,33,211,643
1773,34,211,869
1774,35,211,919
1775,36,211,1001
1776,37,211,2301
1777,38,211,2842
1778,39,211,4294
1779,41,211,1001
1780,27,212,3
1781,28,212,2
1782,29,212,2
1783,30,212,3
1784,31,212,2
1785,32,212,5
1786,33,212,10
1787,34,212,10
1788,35,212,10
1789,36,212,8
1790,37,212,8
1791,38,212,15
1792,39,212,18
1793,41,212,9
1794,32,217,1
1795,33,217,1
1796,35,217,1
1797,36,217,2
1798,37,217,2
1799,26,219,8
1800,27,219,18
1801,28,219,40
1802,29,219,29
1803,30,219,18
1804,31,219,21
1805,32,219,18
1806,33,219,15
1807,34,219,19
1808,35,219,8
1809,36,219,9
1810,37,219,16
1811,38,219,14
1812,39,219,12
1813,41,219,3
1814,26,220,44
1815,27,220,50
1816,28,220,79
1817,29,220,86
1818,30,220,104
1819,31,220,140
1820,32,220,151
1821,33,220,161
1822,34,220,178
1823,35,220,185
1824,36,220,189
1825,37,220,157
1826,38,220,146
1827,39,220,296
1828,41,220,80
1829,26,218,1
1830,27,218,1
1831,28,218,2
1832,30,218,1
1833,31,218,2
1834,32,218,2
1835,33,218,1
1836,37,218,1
1837,39,218,1
1838,41,218,1
1839,29,231,1
1840,32,231,1
1841,41,231,1
1842,27,225,1
1843,29,225,2
1844,30,225,1
1845,32,225,4
1846,33,225,1
1847,34,225,1
1848,39,225,1
1849,41,225,1
1850,27,6,2
1851,29,6,1
1852,30,6,2
1853,32,6,1
1854,35,6,1
1855,27,232,2
1856,28,232,1
1857,29,232,3
1858,30,232,2
1859,31,232,1
1860,32,232,1
1861,33,232,1
1862,34,232,2
1863,37,232,1
1864,39,232,1
1865,26,230,1
1866,27,230,1
1867,29,230,7
1868,30,230,2
1869,31,230,4
1870,32,230,1
1871,35,230,2
1872,36,230,1
1873,39,230,1
1874,27,226,2
1875,28,226,1
1876,29,226,1
1877,32,226,1
1878,35,226,1
1879,37,234,1
1880,38,234,1
1881,26,10,6
1882,27,10,8
1883,28,10,11
1884,29,10,13
1885,30,10,9
1886,31,10,9
1887,32,10,23
1888,33,10,25
1889,34,10,25
1890,35,10,19
1891,36,10,13
1892,37,10,31
1893,38,10,21
1894,39,10,15
1895,41,10,19
1896,29,235,2
1897,31,235,4
1898,32,235,2
1899,33,235,3
1900,34,235,2
1901,35,235,5
1902,36,235,1
1903,37,235,1
1904,38,235,1
1905,39,235,3
1906,41,235,1
1907,27,237,1
1908,28,237,1
1909,29,237,12
1910,30,237,1
1911,31,237,1
1912,32,237,3
1913,33,237,1
1914,34,237,1
1915,35,237,3
1916,36,237,1
1917,37,237,3
1918,38,237,2
1919,39,237,5
1920,41,237,5
1921,28,238,1
1922,30,239,1
1923,32,239,1
1924,33,239,1
1925,35,239,2
1926,39,239,2
1927,26,240,14
1928,27,240,22
1929,28,240,15
1930,29,240,10
1931,30,240,11
1932,31,240,16
1933,32,240,20
1934,33,240,35
1935,34,240,29
1936,35,240,39
1937,36,240,39
1938,37,240,27
1939,38,240,22
1940,39,240,30
1941,41,240,8
1942,26,73,3
1943,27,73,7
1944,28,73,6
1945,29,73,25
1946,30,73,20
1947,31,73,15
1948,32,73,7
1949,33,73,9
1950,34,73,7
1951,35,73,5
1952,36,73,5
1953,37,73,4
1954,38,73,7
1955,39,73,9
1956,41,73,4
1957,27,274,1
1958,30,274,2
1959,31,274,2
1960,32,274,4
1961,33,274,5
1962,34,274,3
1963,35,274,2
1964,36,274,5
1965,37,274,4
1966,38,274,5
1967,39,274,5
1968,41,274,2
1969,26,74,3
1970,27,74,7
1971,28,74,4
1972,29,74,23
1973,30,74,33
1974,31,74,30
1975,32,74,47
1976,33,74,22
1977,34,74,12
1978,35,74,4
1979,36,74,3
1980,37,74,6
1981,38,74,4
1982,39,74,6
1983,41,74,2
1984,26,244,11
1985,27,244,16
1986,28,244,24
1987,29,244,19
1988,30,244,17
1989,31,244,23
1990,32,244,25
1991,33,244,30
1992,34,244,40
1993,35,244,15
1994,36,244,24
1995,37,244,26
1996,38,244,14
1997,39,244,19
1998,41,244,11
1999,26,75,14894
2000,27,75,21718
2001,28,75,30782
2002,29,75,34153
2003,30,75,29713
2004,31,75,27738
2005,32,75,28604
2006,33,75,24649
2007,34,75,22712
2008,35,75,22278
2009,36,75,25395
2010,37,75,39459
2011,38,75,45208
2012,39,75,60882
2013,41,75,25632
2014,27,245,1
2015,29,245,1
2016,30,245,1
2017,32,245,1
2018,33,245,2
2019,34,245,2
2020,36,245,4
2021,37,245,1
2022,39,245,1
2023,26,249,2
2024,27,249,5
2025,28,249,16
2026,29,249,12
2027,30,249,12
2028,31,249,10
2029,32,249,15
2030,33,249,9
2031,34,249,20
2032,35,249,17
2033,36,249,22
2034,37,249,15
2035,38,249,11
2036,39,249,13
2037,41,249,19
2038,36,133,1
2039,26,247,241
2040,27,247,280
2041,28,247,321
2042,29,247,413
2043,30,247,358
2044,31,247,381
2045,32,247,401
2046,33,247,361
2047,34,247,364
2048,35,247,294
2049,36,247,378
2050,37,247,436
2051,38,247,406
2052,39,247,450
2053,41,247,244
2054,26,248,363
2055,27,248,362
2056,28,248,466
2057,29,248,460
2058,30,248,516
2059,31,248,497
2060,32,248,527
2061,33,248,490
2062,34,248,512
2063,35,248,446
2064,36,248,531
2065,37,248,644
2066,38,248,621
2067,39,248,709
2068,41,248,348
2069,26,241,1
2070,27,241,3
2071,28,241,5
2072,29,241,2
2073,30,241,3
2074,31,241,3
2075,34,241,1
2076,35,241,1
2077,37,241,3
2078,30,254,1
2079,39,254,1
2080,26,251,5
2081,27,251,10
2082,28,251,4
2083,29,251,12
2084,30,251,8
2085,31,251,3
2086,32,251,5
2087,33,251,6
2088,34,251,9
2089,35,251,20
2090,36,251,18
2091,37,251,16
2092,38,251,24
2093,39,251,25
2094,41,251,4
2095,26,258,1
2096,30,258,1
2097,31,258,1
2098,32,258,3
2099,33,258,2
2100,34,258,1
2101,37,258,1
2102,38,258,4
2103,26,261,40
2104,27,261,47
2105,28,261,41
2106,29,261,59
2107,30,261,85
2108,31,261,97
2109,32,261,67
2110,33,261,71
2111,34,261,93
2112,35,261,73
2113,36,261,78
2114,37,261,71
2115,38,261,50
2116,39,261,42
2117,41,261,24
2118,26,70,16
2119,27,70,18
2120,28,70,28
2121,29,70,34
2122,30,70,54
2123,31,70,65
2124,32,70,100
2125,33,70,133
2126,34,70,194
2127,35,70,193
2128,36,70,200
2129,37,70,218
2130,38,70,198
2131,39,70,253
2132,41,70,247
2133,26,262,6
2134,27,262,4
2135,28,262,2
2136,29,262,6
2137,30,262,4
2138,31,262,1
2139,32,262,3
2140,33,262,1
2141,34,262,2
2142,35,262,3
2143,36,262,3
2144,37,262,2
2145,38,262,3
2146,39,262,3
2147,41,262,1
2148,26,265,22
2149,27,265,31
2150,28,265,28
2151,29,265,33
2152,30,265,35
2153,31,265,41
2154,32,265,44
2155,33,265,74
2156,34,265,73
2157,35,265,91
2158,36,265,107
2159,37,265,283
2160,38,265,565
2161,39,265,525
2162,41,265,315
2163,26,264,3
2164,27,264,1
2165,29,264,1
2166,30,264,9
2167,31,264,1
2168,32,264,1
2169,36,264,2
2170,37,264,5
2171,38,264,1
2172,39,264,1
2173,41,264,3
2174,26,135,2
2175,27,135,2
2176,28,135,1
2177,31,135,3
2178,32,135,11
2179,34,135,1
2180,35,135,1
2181,38,135,1
2182,41,135,1
2183,26,266,1
2184,26,268,1
2185,27,268,2
2186,29,268,2
2187,30,268,3
2188,31,268,3
2189,33,268,1
2190,34,268,2
2191,35,268,2
2192,37,268,2
2193,26,267,38
2194,27,267,35
2195,28,267,53
2196,29,267,31
2197,30,267,24
2198,31,267,17
2199,32,267,16
2200,33,267,3
2201,34,267,25
2202,35,267,16
2203,36,267,12
2204,37,267,12
2205,38,267,9
2206,39,267,8
2207,41,267,4
2208,27,160,2
2209,29,160,1
2210,32,160,2
2211,39,160,1
2212,26,68,39
2213,27,68,78
2214,28,68,55
2215,29,68,83
2216,30,68,59
2217,31,68,69
2218,32,68,50
2219,33,68,69
2220,34,68,39
2221,35,68,23
2222,36,68,33
2223,37,68,21
2224,38,68,20
2225,39,68,82
2226,41,68,124
2227,26,213,1049
2228,27,213,1046
2229,28,213,1622
2230,29,213,2142
2231,30,213,2168
2232,31,213,2045
2233,32,213,1886
2234,33,213,1782
2235,34,213,1844
2236,35,213,1684
2237,36,213,2317
2238,37,213,2878
2239,38,213,2935
2240,39,213,3034
2241,41,213,1392
2242,27,112,2
2243,28,112,3
2244,29,112,26
2245,30,112,40
2246,31,112,31
2247,32,112,12
2248,33,112,101
2249,34,112,94
2250,33,112,1
2251,36,112,1
2252,37,112,3
2253,39,112,4
2254,26,76,23518
2255,27,76,23888
2256,28,76,28312
2257,29,76,34988
2258,30,76,39519
2259,31,76,45390
2260,32,76,40217
2261,33,76,38960
2262,34,76,47520
2263,35,76,50846
2264,36,76,59129
2265,37,76,76533
2266,38,76,75702
2267,39,76,91783
2268,41,76,45765
2269,27,137,1
2270,30,137,1
2271,31,137,2
2272,34,137,2
2273,37,137,2
2274,39,137,4
2275,34,38,2
2276,26,270,108
2277,27,270,183
2278,28,270,354
2279,29,270,333
2280,30,270,281
2281,31,270,297
2282,32,270,289
2283,33,270,325
2284,34,270,337
2285,35,270,300
2286,36,270,351
2287,37,270,461
2288,38,270,722
2289,39,270,1114
2290,41,270,428
2291,31,271,1
2292,33,271,2
2293,41,271,2
2294,26,273,7063
2295,27,273,9693
2296,28,273,14519
2297,29,273,16447
2298,30,273,15701
2299,31,273,10266
2300,32,273,9846
2301,33,273,28695
2302,34,273,30923
2303,35,273,18445
2304,36,273,13656
2305,37,273,11359
2306,38,273,10457
2307,39,273,13130
2308,41,273,5848
2309,26,275,91
2310,27,275,1
2311,31,276,2
