'Row_Id','AÃ‘O','DEPARTAMENTO','GENERO','CANTIDAD'
1,19,2,1,19670
2,19,3,1,71409
3,19,4,1,14517
4,19,5,1,11031
5,19,6,1,9101
6,19,7,1,3049
7,19,8,1,9618
8,19,9,1,7408
9,19,10,1,11639
10,19,11,1,14126
11,19,12,1,1650
12,19,13,1,10295
13,19,14,1,4774
14,19,15,1,8482
15,19,16,1,7068
16,19,17,1,10242
17,19,18,1,11786
18,19,19,1,4849
19,19,20,1,8499
20,19,21,1,17871
21,19,22,1,5506
22,19,23,1,13184
23,19,24,1,33199
24,19,25,1,2710
25,19,26,1,2377
26,19,27,1,1641
27,19,28,1,583
28,19,29,1,625
29,19,30,1,248
30,19,31,1,658
31,19,32,1,159
32,19,33,1,406
33,19,1,2,48767
34,19,2,2,18710
35,19,3,2,67867
36,19,4,2,13680
37,19,5,2,10823
38,19,6,2,8747
39,19,7,2,2799
40,19,8,2,9385
41,19,9,2,6867
42,19,10,2,10922
43,19,11,2,13464
44,19,12,2,1516
45,19,13,2,9817
46,19,14,2,4622
47,19,15,2,8055
48,19,16,2,6391
49,19,17,2,9816
50,19,18,2,11003
51,19,19,2,4725
52,19,20,2,8043
53,19,21,2,17348
54,19,22,2,5141
55,19,23,2,12500
56,19,24,2,31894
57,19,25,2,2500
58,19,26,2,2233
59,19,27,2,1555
60,19,28,2,537
61,19,29,2,539
62,19,30,2,218
63,19,31,2,602
64,19,32,2,139
65,19,33,2,381
66,20,2,1,21884
67,20,3,1,67891
68,20,4,1,15941
69,20,5,1,11904
70,20,6,1,8816
71,20,7,1,3536
72,20,8,1,9379
73,20,9,1,8036
74,20,10,1,12505
75,20,11,1,15107
76,20,12,1,1938
77,20,13,1,11464
78,20,14,1,5196
79,20,15,1,8925
80,20,16,1,7650
81,20,17,1,9876
82,20,18,1,12710
83,20,19,1,4711
84,20,20,1,8183
85,20,21,1,18610
86,20,22,1,6626
87,20,23,1,14023
88,20,24,1,33942
89,20,25,1,2698
90,20,26,1,3054
91,20,27,1,2101
92,20,28,1,578
93,20,29,1,584
94,20,30,1,241
95,20,31,1,750
96,20,32,1,289
97,20,33,1,484
98,20,1,2,49949
99,20,2,2,20471
100,20,3,2,64985
101,20,4,2,15407
102,20,5,2,11227
103,20,6,2,8383
104,20,7,2,3196
105,20,8,2,9123
106,20,9,2,7767
107,20,10,2,12076
108,20,11,2,14500
109,20,12,2,1861
110,20,13,2,11190
111,20,14,2,4704
112,20,15,2,8406
113,20,16,2,7086
114,20,17,2,9432
115,20,18,2,11887
116,20,19,2,4477
117,20,20,2,7620
118,20,21,2,17791
119,20,22,2,6231
120,20,23,2,13603
121,20,24,2,31947
122,20,25,2,2636
123,20,26,2,2798
124,20,27,2,2107
125,20,28,2,479
126,20,29,2,557
127,20,30,2,210
128,20,31,2,719
129,20,32,2,292
130,20,33,2,471
131,21,2,1,22694
132,21,3,1,67821
133,21,4,1,16657
134,21,5,1,11814
135,21,6,1,8457
136,21,7,1,3687
137,21,8,1,8650
138,21,9,1,9214
139,21,10,1,13183
140,21,11,1,15803
141,21,12,1,2124
142,21,13,1,11284
143,21,14,1,4880
144,21,15,1,9132
145,21,16,1,7645
146,21,17,1,10462
147,21,18,1,12460
148,21,19,1,5032
149,21,20,1,8100
150,21,21,1,18958
151,21,22,1,6822
152,21,23,1,13481
153,21,24,1,34660
154,21,25,1,2799
155,21,26,1,2964
156,21,27,1,2197
157,21,28,1,529
158,21,29,1,694
159,21,30,1,319
160,21,31,1,803
161,21,32,1,322
162,21,33,1,552
163,21,1,2,50332
164,21,2,2,21232
165,21,3,2,63349
166,21,4,2,15817
167,21,5,2,11256
168,21,6,2,8133
169,21,7,2,3471
170,21,8,2,8251
171,21,9,2,8616
172,21,10,2,12534
173,21,11,2,14910
174,21,12,2,1998
175,21,13,2,10635
176,21,14,2,4587
177,21,15,2,8602
178,21,16,2,7042
179,21,17,2,10100
180,21,18,2,12006
181,21,19,2,4826
182,21,20,2,7784
183,21,21,2,17977
184,21,22,2,6309
185,21,23,2,12767
186,21,24,2,33006
187,21,25,2,2574
188,21,26,2,2747
189,21,27,2,2132
190,21,28,2,489
191,21,29,2,597
192,21,30,2,308
193,21,31,2,700
194,21,32,2,297
195,21,33,2,430
196,22,2,1,20916
197,22,3,1,65636
198,22,4,1,14769
199,22,5,1,11583
200,22,6,1,8155
201,22,7,1,3603
202,22,8,1,8459
203,22,9,1,9635
204,22,10,1,12385
205,22,11,1,15044
206,22,12,1,2106
207,22,13,1,11276
208,22,14,1,5107
209,22,15,1,8740
210,22,16,1,7697
211,22,17,1,10480
212,22,18,1,11735
213,22,19,1,5014
214,22,20,1,7699
215,22,21,1,18103
216,22,22,1,6958
217,22,23,1,13111
218,22,24,1,32063
219,22,25,1,2671
220,22,26,1,2923
221,22,27,1,2380
222,22,28,1,466
223,22,29,1,702
224,22,30,1,278
225,22,31,1,800
226,22,32,1,282
227,22,33,1,452
228,22,1,2,48299
229,22,2,2,19455
230,22,3,2,62158
231,22,4,2,14209
232,22,5,2,10798
233,22,6,2,7747
234,22,7,2,3242
235,22,8,2,8160
236,22,9,2,8915
237,22,10,2,11685
238,22,11,2,14635
239,22,12,2,1984
240,22,13,2,10779
241,22,14,2,4818
242,22,15,2,8284
243,22,16,2,7255
244,22,17,2,10214
245,22,18,2,11147
246,22,19,2,4681
247,22,20,2,7379
248,22,21,2,16917
249,22,22,2,6638
250,22,23,2,12521
251,22,24,2,29946
252,22,25,2,2659
253,22,26,2,2810
254,22,27,2,2316
255,22,28,2,466
256,22,29,2,633
257,22,30,2,289
258,22,31,2,741
259,22,32,2,287
260,22,33,2,406
261,23,2,1,21270
262,23,3,1,63284
263,23,4,1,15235
264,23,5,1,10839
265,23,6,1,7872
266,23,7,1,3283
267,23,8,1,7995
268,23,9,1,9604
269,23,10,1,12007
270,23,11,1,14318
271,23,12,1,2191
272,23,13,1,11183
273,23,14,1,5239
274,23,15,1,8983
275,23,16,1,7380
276,23,17,1,10481
277,23,18,1,11235
278,23,19,1,4579
279,23,20,1,7375
280,23,21,1,17061
281,23,22,1,6685
282,23,23,1,12024
283,23,24,1,30360
284,23,25,1,2661
285,23,26,1,2781
286,23,27,1,2434
287,23,28,1,497
288,23,29,1,730
289,23,30,1,245
290,23,31,1,727
291,23,32,1,226
292,23,33,1,369
293,23,1,2,45637
294,23,2,2,19979
295,23,3,2,61046
296,23,4,2,14109
297,23,5,2,10412
298,23,6,2,7512
299,23,7,2,2985
300,23,8,2,7842
301,23,9,2,8846
302,23,10,2,11027
303,23,11,2,13703
304,23,12,2,2031
305,23,13,2,10557
306,23,14,2,5030
307,23,15,2,8792
308,23,16,2,7025
309,23,17,2,9797
310,23,18,2,10712
311,23,19,2,4258
312,23,20,2,6997
313,23,21,2,15990
314,23,22,2,6628
315,23,23,2,11207
316,23,24,2,29003
317,23,25,2,2431
318,23,26,2,2691
319,23,27,2,2240
320,23,28,2,483
321,23,29,2,674
322,23,30,2,268
323,23,31,2,625
324,23,32,2,258
325,23,33,2,345
326,24,2,1,21630
327,24,3,1,63149
328,24,4,1,15968
329,24,5,1,10636
330,24,6,1,7740
331,24,7,1,3477
332,24,8,1,8493
333,24,9,1,10393
334,24,10,1,11453
335,24,11,1,12080
336,24,12,1,2325
337,24,13,1,11287
338,24,14,1,5160
339,24,15,1,10721
340,24,16,1,8043
341,24,17,1,11276
342,24,18,1,11484
343,24,19,1,4394
344,24,20,1,7374
345,24,21,1,17250
346,24,22,1,6861
347,24,23,1,12108
348,24,24,1,32016
349,24,25,1,2735
350,24,26,1,2847
351,24,27,1,2612
352,24,28,1,520
353,24,29,1,704
354,24,30,1,279
355,24,31,1,831
356,24,32,1,251
357,24,33,1,366
358,24,1,2,45693
359,24,2,2,20677
360,24,3,2,59888
361,24,4,2,14963
362,24,5,2,10257
363,24,6,2,7587
364,24,7,2,3081
365,24,8,2,7879
366,24,9,2,9787
367,24,10,2,10846
368,24,11,2,11385
369,24,12,2,2227
370,24,13,2,10815
371,24,14,2,4923
372,24,15,2,10275
373,24,16,2,7583
374,24,17,2,10606
375,24,18,2,10761
376,24,19,2,4017
377,24,20,2,7011
378,24,21,2,16916
379,24,22,2,6502
380,24,23,2,11434
381,24,24,2,30112
382,24,25,2,2544
383,24,26,2,2761
384,24,27,2,2474
385,24,28,2,461
386,24,29,2,703
387,24,30,2,261
388,24,31,2,792
389,24,32,2,259
390,24,33,2,315
391,25,2,1,21255
392,25,3,1,63223
393,25,4,1,15218
394,25,5,1,10731
395,25,6,1,7667
396,25,7,1,3642
397,25,8,1,8584
398,25,9,1,10761
399,25,10,1,13608
400,25,11,1,14250
401,25,12,1,2443
402,25,13,1,11021
403,25,14,1,5190
404,25,15,1,11351
405,25,16,1,8213
406,25,17,1,11717
407,25,18,1,11104
408,25,19,1,4261
409,25,20,1,7180
410,25,21,1,18272
411,25,22,1,7322
412,25,23,1,11757
413,25,24,1,33143
414,25,25,1,2622
415,25,26,1,2816
416,25,27,1,2458
417,25,28,1,456
418,25,29,1,784
419,25,30,1,259
420,25,31,1,855
421,25,32,1,288
422,25,33,1,252
423,25,1,2,46623
424,25,2,2,20576
425,25,3,2,59666
426,25,4,2,14378
427,25,5,2,9977
428,25,6,2,7320
429,25,7,2,3394
430,25,8,2,8324
431,25,9,2,10230
432,25,10,2,12727
433,25,11,2,13165
434,25,12,2,2446
435,25,13,2,10809
436,25,14,2,5023
437,25,15,2,10684
438,25,16,2,7799
439,25,17,2,11196
440,25,18,2,10210
441,25,19,2,3797
442,25,20,2,6636
443,25,21,2,16928
444,25,22,2,6917
445,25,23,2,11382
446,25,24,2,31245
447,25,25,2,2487
448,25,26,2,2680
449,25,27,2,2403
450,25,28,2,454
451,25,29,2,764
452,25,30,2,210
453,25,31,2,882
454,25,32,2,288
455,25,33,2,250
456,26,2,1,21502
457,26,3,1,62232
458,26,4,1,16192
459,26,5,1,10498
460,26,6,1,7297
461,26,7,1,3728
462,26,8,1,8527
463,26,9,1,10660
464,26,10,1,13949
465,26,11,1,14331
466,26,12,1,2458
467,26,13,1,10848
468,26,14,1,5764
469,26,15,1,10744
470,26,16,1,8410
471,26,17,1,12049
472,26,18,1,10922
473,26,19,1,3964
474,26,20,1,6646
475,26,21,1,17713
476,26,22,1,8043
477,26,23,1,11516
478,26,24,1,32766
479,26,25,1,2654
480,26,26,1,2980
481,26,27,1,2528
482,26,28,1,490
483,26,29,1,649
484,26,30,1,264
485,26,31,1,890
486,26,32,1,268
487,26,33,1,402
488,26,1,2,45876
489,26,2,2,19595
490,26,3,2,59238
491,26,4,2,14910
492,26,5,2,9971
493,26,6,2,6901
494,26,7,2,3499
495,26,8,2,8331
496,26,9,2,9833
497,26,10,2,13504
498,26,11,2,13538
499,26,12,2,2351
500,26,13,2,10272
501,26,14,2,5539
502,26,15,2,10237
503,26,16,2,7813
504,26,17,2,11437
505,26,18,2,10041
506,26,19,2,3770
507,26,20,2,6214
508,26,21,2,16552
509,26,22,2,7533
510,26,23,2,10906
511,26,24,2,30931
512,26,25,2,2439
513,26,26,2,2804
514,26,27,2,2519
515,26,28,2,441
516,26,29,2,645
517,26,30,2,256
518,26,31,2,839
519,26,32,2,280
520,26,33,2,325
521,27,2,1,21330
522,27,3,1,63659
523,27,4,1,16495
524,27,5,1,10172
525,27,6,1,6853
526,27,7,1,3674
527,27,8,1,8654
528,27,9,1,10706
529,27,10,1,12256
530,27,11,1,14189
531,27,12,1,2481
532,27,13,1,11014
533,27,14,1,6159
534,27,15,1,11106
535,27,16,1,7698
536,27,17,1,11443
537,27,18,1,11354
538,27,19,1,3700
539,27,20,1,6631
540,27,21,1,16929
541,27,22,1,7781
542,27,23,1,11100
543,27,24,1,32352
544,27,25,1,2811
545,27,26,1,3005
546,27,27,1,2563
547,27,28,1,440
548,27,29,1,502
549,27,30,1,275
550,27,31,1,650
551,27,32,1,301
552,27,33,1,228
553,27,1,2,45980
554,27,2,2,19999
555,27,3,2,59990
556,27,4,2,15310
557,27,5,2,9722
558,27,6,2,6652
559,27,7,2,3451
560,27,8,2,8232
561,27,9,2,10203
562,27,10,2,11628
563,27,11,2,13264
564,27,12,2,2370
565,27,13,2,10442
566,27,14,2,5921
567,27,15,2,10604
568,27,16,2,7233
569,27,17,2,10955
570,27,18,2,10776
571,27,19,2,3625
572,27,20,2,6231
573,27,21,2,16285
574,27,22,2,7385
575,27,23,2,10662
576,27,24,2,30714
577,27,25,2,2567
578,27,26,2,2868
579,27,27,2,2482
580,27,28,2,415
581,27,29,2,461
582,27,30,2,251
583,27,31,2,578
584,27,32,2,270
585,27,33,2,196
586,28,2,1,21140
587,28,3,1,65654
588,28,4,1,14882
589,28,5,1,9977
590,28,6,1,6888
591,28,7,1,3704
592,28,8,1,8038
593,28,9,1,10575
594,28,10,1,11423
595,28,11,1,14144
596,28,12,1,2652
597,28,13,1,11029
598,28,14,1,6155
599,28,15,1,11439
600,28,16,1,8089
601,28,17,1,11376
602,28,18,1,11136
603,28,19,1,3641
604,28,20,1,6880
605,28,21,1,16760
606,28,22,1,7792
607,28,23,1,10839
608,28,24,1,31916
609,28,25,1,2396
610,28,26,1,3170
611,28,27,1,2465
612,28,28,1,465
613,28,29,1,721
614,28,30,1,251
615,28,31,1,812
616,28,32,1,253
617,28,33,1,315
618,28,1,2,45188
619,28,2,2,19925
620,28,3,2,62062
621,28,4,2,14016
622,28,5,2,9619
623,28,6,2,6465
624,28,7,2,3560
625,28,8,2,7452
626,28,9,2,9887
627,28,10,2,10615
628,28,11,2,13649
629,28,12,2,2505
630,28,13,2,10374
631,28,14,2,5917
632,28,15,2,10748
633,28,16,2,7728
634,28,17,2,10930
635,28,18,2,10620
636,28,19,2,3451
637,28,20,2,6512
638,28,21,2,15825
639,28,22,2,7424
640,28,23,2,10137
641,28,24,2,30047
642,28,25,2,2230
643,28,26,2,3037
644,28,27,2,2300
645,28,28,2,435
646,28,29,2,668
647,28,30,2,245
648,28,31,2,745
649,28,32,2,259
650,28,33,2,326
651,29,2,1,21605
652,29,3,1,66445
653,29,4,1,15598
654,29,5,1,9892
655,29,6,1,6501
656,29,7,1,3819
657,29,8,1,8091
658,29,9,1,10965
659,29,10,1,13900
660,29,11,1,13793
661,29,12,1,2574
662,29,13,1,10775
663,29,14,1,6584
664,29,15,1,11774
665,29,16,1,8302
666,29,17,1,10932
667,29,18,1,11350
668,29,19,1,3532
669,29,20,1,6856
670,29,21,1,17093
671,29,22,1,8357
672,29,23,1,10715
673,29,24,1,32046
674,29,25,1,2468
675,29,26,1,3218
676,29,27,1,2290
677,29,28,1,432
678,29,29,1,716
679,29,30,1,312
680,29,31,1,825
681,29,32,1,350
682,29,33,1,406
683,29,1,2,43901
684,29,2,2,20605
685,29,3,2,62602
686,29,4,2,14221
687,29,5,2,9226
688,29,6,2,6253
689,29,7,2,3449
690,29,8,2,7506
691,29,9,2,10342
692,29,10,2,12829
693,29,11,2,13153
694,29,12,2,2539
695,29,13,2,10185
696,29,14,2,6055
697,29,15,2,10650
698,29,16,2,7829
699,29,17,2,10113
700,29,18,2,10336
701,29,19,2,3321
702,29,20,2,6221
703,29,21,2,16256
704,29,22,2,7860
705,29,23,2,10055
706,29,24,2,29837
707,29,25,2,2399
708,29,26,2,2980
709,29,27,2,2139
710,29,28,2,380
711,29,29,2,759
712,29,30,2,247
713,29,31,2,785
714,29,32,2,328
715,29,33,2,340
716,30,2,1,21079
717,30,3,1,64911
718,30,4,1,17995
719,30,5,1,9698
720,30,6,1,6043
721,30,7,1,3860
722,30,8,1,8034
723,30,9,1,10798
724,30,10,1,13630
725,30,11,1,13314
726,30,12,1,2591
727,30,13,1,10569
728,30,14,1,6508
729,30,15,1,11908
730,30,16,1,8232
731,30,17,1,10417
732,30,18,1,11282
733,30,19,1,3327
734,30,20,1,6391
735,30,21,1,16054
736,30,22,1,8276
737,30,23,1,10275
738,30,24,1,30966
739,30,25,1,2425
740,30,26,1,2639
741,30,27,1,2293
742,30,28,1,474
743,30,29,1,676
744,30,30,1,269
745,30,31,1,745
746,30,32,1,298
747,30,33,1,378
748,30,1,2,41799
749,30,2,2,19582
750,30,3,2,61948
751,30,4,2,16740
752,30,5,2,9033
753,30,6,2,5499
754,30,7,2,3591
755,30,8,2,7584
756,30,9,2,10183
757,30,10,2,12750
758,30,11,2,12653
759,30,12,2,2499
760,30,13,2,9636
761,30,14,2,6051
762,30,15,2,10884
763,30,16,2,7792
764,30,17,2,10148
765,30,18,2,10591
766,30,19,2,3364
767,30,20,2,6090
768,30,21,2,14895
769,30,22,2,7619
770,30,23,2,9541
771,30,24,2,29159
772,30,25,2,2298
773,30,26,2,2434
774,30,27,2,2148
775,30,28,2,407
776,30,29,2,660
777,30,30,2,295
778,30,31,2,706
779,30,32,2,277
780,30,33,2,341
781,31,2,1,18427
782,31,3,1,62127
783,31,4,1,15648
784,31,5,1,9049
785,31,6,1,5680
786,31,7,1,3796
787,31,8,1,7958
788,31,9,1,9773
789,31,10,1,12373
790,31,11,1,12644
791,31,12,1,2703
792,31,13,1,9753
793,31,14,1,6267
794,31,15,1,10949
795,31,16,1,8131
796,31,17,1,9717
797,31,18,1,10521
798,31,19,1,3245
799,31,20,1,6119
800,31,21,1,15773
801,31,22,1,7587
802,31,23,1,9476
803,31,24,1,28865
804,31,25,1,2297
805,31,26,1,3211
806,31,27,1,1989
807,31,28,1,427
808,31,29,1,699
809,31,30,1,283
810,31,31,1,738
811,31,32,1,299
812,31,33,1,393
813,31,1,2,37828
814,31,2,2,17353
815,31,3,2,59384
816,31,4,2,14380
817,31,5,2,8687
818,31,6,2,5270
819,31,7,2,3509
820,31,8,2,7388
821,31,9,2,9100
822,31,10,2,11808
823,31,11,2,12330
824,31,12,2,2462
825,31,13,2,9401
826,31,14,2,5906
827,31,15,2,10254
828,31,16,2,7554
829,31,17,2,9174
830,31,18,2,9776
831,31,19,2,3076
832,31,20,2,5876
833,31,21,2,14589
834,31,22,2,6792
835,31,23,2,9032
836,31,24,2,27096
837,31,25,2,2225
838,31,26,2,3009
839,31,27,2,1845
840,31,28,2,396
841,31,29,2,614
842,31,30,2,264
843,31,31,2,597
844,31,32,2,308
845,31,33,2,319
846,32,2,1,18189
847,32,3,1,60446
848,32,4,1,17435
849,32,5,1,8673
850,32,6,1,5390
851,32,7,1,3913
852,32,8,1,7709
853,32,9,1,10595
854,32,10,1,14737
855,32,11,1,12376
856,32,12,1,2820
857,32,13,1,10372
858,32,14,1,6627
859,32,15,1,11872
860,32,16,1,8144
861,32,17,1,9392
862,32,18,1,11026
863,32,19,1,3255
864,32,20,1,6261
865,32,21,1,16276
866,32,22,1,7982
867,32,23,1,9400
868,32,24,1,29342
869,32,25,1,2237
870,32,26,1,3131
871,32,27,1,2066
872,32,28,1,479
873,32,29,1,738
874,32,30,1,306
875,32,31,1,658
876,32,32,1,316
877,32,33,1,341
878,32,1,2,36879
879,32,2,2,17440
880,32,3,2,57691
881,32,4,2,16419
882,32,5,2,8544
883,32,6,2,5166
884,32,7,2,3624
885,32,8,2,7474
886,32,9,2,10060
887,32,10,2,14037
888,32,11,2,11502
889,32,12,2,2767
890,32,13,2,10122
891,32,14,2,5959
892,32,15,2,11031
893,32,16,2,7711
894,32,17,2,9087
895,32,18,2,10226
896,32,19,2,3013
897,32,20,2,6018
898,32,21,2,15301
899,32,22,2,7450
900,32,23,2,8834
901,32,24,2,27970
902,32,25,2,2208
903,32,26,2,3020
904,32,27,2,1948
905,32,28,2,368
906,32,29,2,682
907,32,30,2,289
908,32,31,2,613
909,32,32,2,335
910,32,33,2,305
911,33,2,1,20909
912,33,3,1,60215
913,33,4,1,18672
914,33,5,1,8806
915,33,6,1,5346
916,33,7,1,4003
917,33,8,1,8134
918,33,9,1,10458
919,33,10,1,14971
920,33,11,1,11858
921,33,12,1,3000
922,33,13,1,10986
923,33,14,1,6827
924,33,15,1,12192
925,33,16,1,8348
926,33,17,1,9177
927,33,18,1,10665
928,33,19,1,3156
929,33,20,1,6226
930,33,21,1,16290
931,33,22,1,7896
932,33,23,1,9294
933,33,24,1,29452
934,33,25,1,2270
935,33,26,1,3467
936,33,27,1,2029
937,33,28,1,388
938,33,29,1,780
939,33,30,1,236
940,33,31,1,583
941,33,32,1,344
942,33,33,1,423
943,33,1,2,37298
944,33,2,2,19734
945,33,3,2,57463
946,33,4,2,17478
947,33,5,2,8401
948,33,6,2,5050
949,33,7,2,3836
950,33,8,2,7698
951,33,9,2,10034
952,33,10,2,14116
953,33,11,2,11370
954,33,12,2,2549
955,33,13,2,10405
956,33,14,2,6456
957,33,15,2,11566
958,33,16,2,8014
959,33,17,2,8678
960,33,18,2,10220
961,33,19,2,3060
962,33,20,2,5968
963,33,21,2,15626
964,33,22,2,7518
965,33,23,2,9079
966,33,24,2,27747
967,33,25,2,2213
968,33,26,2,3295
969,33,27,2,1982
970,33,28,2,414
971,33,29,2,823
972,33,30,2,244
973,33,31,2,620
974,33,32,2,375
975,33,33,2,435
976,34,2,1,20470
977,34,3,1,59481
978,34,4,1,17603
979,34,5,1,8441
980,34,6,1,5348
981,34,7,1,4023
982,34,8,1,8145
983,34,9,1,10416
984,34,10,1,14475
985,34,11,1,11532
986,34,12,1,3076
987,34,13,1,10848
988,34,14,1,6777
989,34,15,1,11668
990,34,16,1,8381
991,34,17,1,9110
992,34,18,1,10304
993,34,19,1,3163
994,34,20,1,6032
995,34,21,1,15924
996,34,22,1,7580
997,34,23,1,9056
998,34,24,1,27634
999,34,25,1,2023
1000,34,26,1,3384
1001,34,27,1,2125
1002,34,28,1,449
1003,34,29,1,759
1004,34,30,1,304
1005,34,31,1,546
1006,34,32,1,327
1007,34,33,1,460
1008,34,1,2,36121
1009,34,2,2,19469
1010,34,3,2,56738
1011,34,4,2,16679
1012,34,5,2,8023
1013,34,6,2,4938
1014,34,7,2,3718
1015,34,8,2,7951
1016,34,9,2,10151
1017,34,10,2,13648
1018,34,11,2,10929
1019,34,12,2,2893
1020,34,13,2,10344
1021,34,14,2,6432
1022,34,15,2,11105
1023,34,16,2,7742
1024,34,17,2,8675
1025,34,18,2,9795
1026,34,19,2,2926
1027,34,20,2,5658
1028,34,21,2,15315
1029,34,22,2,7143
1030,34,23,2,8463
1031,34,24,2,26317
1032,34,25,2,1992
1033,34,26,2,3182
1034,34,27,2,1983
1035,34,28,2,416
1036,34,29,2,661
1037,34,30,2,280
1038,34,31,2,494
1039,34,32,2,273
1040,34,33,2,434
1041,35,2,1,21500
1042,35,3,1,60350
1043,35,4,1,17915
1044,35,5,1,8166
1045,35,6,1,5418
1046,35,7,1,3797
1047,35,8,1,7940
1048,35,9,1,11000
1049,35,10,1,14348
1050,35,11,1,11288
1051,35,12,1,3266
1052,35,13,1,10752
1053,35,14,1,7525
1054,35,15,1,11826
1055,35,16,1,8521
1056,35,17,1,9569
1057,35,18,1,10525
1058,35,19,1,3093
1059,35,20,1,5821
1060,35,21,1,16287
1061,35,22,1,7931
1062,35,23,1,8535
1063,35,24,1,28532
1064,35,25,1,2103
1065,35,26,1,3429
1066,35,27,1,2054
1067,35,28,1,445
1068,35,29,1,808
1069,35,30,1,294
1070,35,31,1,573
1071,35,32,1,202
1072,35,33,1,417
1073,35,1,2,36973
1074,35,2,2,20761
1075,35,3,2,57527
1076,35,4,2,16981
1077,35,5,2,7840
1078,35,6,2,4917
1079,35,7,2,3794
1080,35,8,2,7686
1081,35,9,2,10464
1082,35,10,2,13700
1083,35,11,2,10977
1084,35,12,2,3072
1085,35,13,2,9927
1086,35,14,2,7149
1087,35,15,2,10944
1088,35,16,2,7943
1089,35,17,2,9114
1090,35,18,2,9859
1091,35,19,2,2960
1092,35,20,2,5710
1093,35,21,2,15458
1094,35,22,2,7574
1095,35,23,2,8213
1096,35,24,2,26905
1097,35,25,2,1902
1098,35,26,2,3029
1099,35,27,2,1945
1100,35,28,2,404
1101,35,29,2,742
1102,35,30,2,293
1103,35,31,2,562
1104,35,32,2,202
1105,35,33,2,441
1106,36,2,1,21338
1107,36,3,1,60552
1108,36,4,1,17289
1109,36,5,1,8100
1110,36,6,1,5088
1111,36,7,1,3841
1112,36,8,1,8182
1113,36,9,1,10634
1114,36,10,1,13789
1115,36,11,1,11341
1116,36,12,1,3015
1117,36,13,1,10319
1118,36,14,1,7792
1119,36,15,1,11469
1120,36,16,1,8512
1121,36,17,1,9360
1122,36,18,1,10467
1123,36,19,1,3233
1124,36,20,1,5952
1125,36,21,1,16145
1126,36,22,1,7948
1127,36,23,1,8499
1128,36,24,1,27566
1129,36,25,1,2192
1130,36,26,1,3244
1131,36,27,1,2141
1132,36,28,1,408
1133,36,29,1,802
1134,36,30,1,305
1135,36,31,1,656
1136,36,32,1,295
1137,36,33,1,384
1138,36,1,2,36588
1139,36,2,2,20423
1140,36,3,2,57522
1141,36,4,2,16611
1142,36,5,2,7483
1143,36,6,2,4852
1144,36,7,2,3517
1145,36,8,2,7486
1146,36,9,2,10237
1147,36,10,2,12964
1148,36,11,2,10740
1149,36,12,2,2890
1150,36,13,2,9765
1151,36,14,2,7341
1152,36,15,2,10645
1153,36,16,2,7950
1154,36,17,2,8905
1155,36,18,2,9963
1156,36,19,2,2974
1157,36,20,2,5598
1158,36,21,2,15541
1159,36,22,2,7414
1160,36,23,2,8176
1161,36,24,2,25912
1162,36,25,2,2093
1163,36,26,2,3210
1164,36,27,2,1972
1165,36,28,2,398
1166,36,29,2,689
1167,36,30,2,271
1168,36,31,2,538
1169,36,32,2,312
1170,36,33,2,340
1171,37,2,1,21508
1172,37,3,1,58465
1173,37,4,1,16505
1174,37,5,1,8064
1175,37,6,1,4981
1176,37,7,1,3664
1177,37,8,1,8063
1178,37,9,1,10455
1179,37,10,1,13674
1180,37,11,1,11141
1181,37,12,1,2657
1182,37,13,1,10307
1183,37,14,1,8146
1184,37,15,1,11393
1185,37,16,1,7991
1186,37,17,1,9436
1187,37,18,1,10508
1188,37,19,1,3161
1189,37,20,1,5890
1190,37,21,1,15812
1191,37,22,1,7778
1192,37,23,1,8291
1193,37,24,1,26813
1194,37,25,1,2318
1195,37,26,1,3046
1196,37,27,1,1964
1197,37,28,1,447
1198,37,29,1,677
1199,37,30,1,336
1200,37,31,1,601
1201,37,32,1,268
1202,37,33,1,346
1203,37,1,2,36240
1204,37,2,2,20461
1205,37,3,2,55539
1206,37,4,2,15859
1207,37,5,2,7401
1208,37,6,2,4698
1209,37,7,2,3268
1210,37,8,2,7647
1211,37,9,2,10082
1212,37,10,2,12710
1213,37,11,2,10445
1214,37,12,2,2393
1215,37,13,2,9779
1216,37,14,2,7775
1217,37,15,2,10802
1218,37,16,2,7479
1219,37,17,2,8732
1220,37,18,2,9901
1221,37,19,2,2959
1222,37,20,2,5441
1223,37,21,2,14757
1224,37,22,2,7543
1225,37,23,2,7864
1226,37,24,2,25449
1227,37,25,2,2092
1228,37,26,2,2924
1229,37,27,2,1860
1230,37,28,2,401
1231,37,29,2,663
1232,37,30,2,324
1233,37,31,2,577
1234,37,32,2,241
1235,37,33,2,311
1236,38,2,1,22374
1237,38,3,1,56180
1238,38,4,1,17950
1239,38,5,1,7548
1240,38,6,1,4705
1241,38,7,1,3747
1242,38,8,1,8298
1243,38,9,1,10274
1244,38,10,1,13791
1245,38,11,1,10459
1246,38,12,1,2726
1247,38,13,1,10395
1248,38,14,1,8982
1249,38,15,1,12386
1250,38,16,1,8024
1251,38,17,1,9393
1252,38,18,1,10837
1253,38,19,1,3156
1254,38,20,1,5643
1255,38,21,1,15735
1256,38,22,1,8330
1257,38,23,1,8405
1258,38,24,1,27449
1259,38,25,1,2372
1260,38,26,1,3047
1261,38,27,1,2166
1262,38,28,1,415
1263,38,29,1,738
1264,38,30,1,451
1265,38,31,1,689
1266,38,32,1,307
1267,38,33,1,395
1268,38,1,2,37466
1269,38,2,2,21074
1270,38,3,2,52779
1271,38,4,2,16937
1272,38,5,2,7373
1273,38,6,2,4591
1274,38,7,2,3475
1275,38,8,2,7692
1276,38,9,2,9842
1277,38,10,2,13207
1278,38,11,2,9999
1279,38,12,2,2575
1280,38,13,2,9956
1281,38,14,2,8595
1282,38,15,2,11773
1283,38,16,2,7835
1284,38,17,2,9133
1285,38,18,2,10277
1286,38,19,2,3007
1287,38,20,2,5393
1288,38,21,2,15034
1289,38,22,2,8211
1290,38,23,2,7986
1291,38,24,2,25867
1292,38,25,2,2275
1293,38,26,2,2995
1294,38,27,2,2029
1295,38,28,2,389
1296,38,29,2,693
1297,38,30,2,382
1298,38,31,2,589
1299,38,32,2,269
1300,38,33,2,337
1301,39,2,1,22414
1302,39,3,1,52960
1303,39,4,1,17607
1304,39,5,1,7037
1305,39,6,1,4467
1306,39,7,1,3610
1307,39,8,1,7810
1308,39,9,1,11643
1309,39,10,1,13582
1310,39,11,1,10561
1311,39,12,1,3482
1312,39,13,1,9744
1313,39,14,1,10885
1314,39,15,1,12344
1315,39,16,1,7995
1316,39,17,1,9327
1317,39,18,1,12011
1318,39,19,1,3008
1319,39,20,1,5435
1320,39,21,1,15015
1321,39,22,1,8575
1322,39,23,1,8074
1323,39,24,1,25922
1324,39,25,1,2653
1325,39,26,1,3093
1326,39,27,1,2084
1327,39,28,1,392
1328,39,29,1,726
1329,39,30,1,524
1330,39,31,1,671
1331,39,32,1,339
1332,39,33,1,573
1333,39,1,2,36321
1334,39,2,2,21383
1335,39,3,2,50597
1336,39,4,2,16561
1337,39,5,2,6741
1338,39,6,2,4290
1339,39,7,2,3424
1340,39,8,2,7331
1341,39,9,2,10934
1342,39,10,2,12938
1343,39,11,2,9902
1344,39,12,2,3180
1345,39,13,2,9523
1346,39,14,2,10138
1347,39,15,2,11590
1348,39,16,2,7424
1349,39,17,2,8893
1350,39,18,2,11420
1351,39,19,2,2879
1352,39,20,2,5202
1353,39,21,2,14543
1354,39,22,2,7994
1355,39,23,2,7797
1356,39,24,2,24917
1357,39,25,2,2542
1358,39,26,2,2883
1359,39,27,2,1945
1360,39,28,2,358
1361,39,29,2,655
1362,39,30,2,494
1363,39,31,2,622
1364,39,32,2,327
1365,39,33,2,555
1366,40,2,1,22729
1367,40,3,1,51787
1368,40,4,1,17443
1369,40,5,1,6767
1370,40,6,1,4225
1371,40,7,1,3640
1372,40,8,1,7479
1373,40,9,1,12162
1374,40,10,1,13094
1375,40,11,1,10893
1376,40,12,1,3055
1377,40,13,1,9189
1378,40,14,1,12349
1379,40,15,1,12609
1380,40,16,1,7623
1381,40,17,1,8435
1382,40,18,1,13598
1383,40,19,1,2784
1384,40,20,1,5382
1385,40,21,1,14500
1386,40,22,1,8274
1387,40,23,1,7638
1388,40,24,1,24997
1389,40,25,1,3040
1390,40,26,1,3160
1391,40,27,1,2114
1392,40,28,1,388
1393,40,29,1,585
1394,40,30,1,535
1395,40,31,1,684
1396,40,32,1,354
1397,40,33,1,806
1398,40,1,2,35347
1399,40,2,2,21735
1400,40,3,2,49297
1401,40,4,2,16667
1402,40,5,2,6537
1403,40,6,2,4043
1404,40,7,2,3243
1405,40,8,2,6951
1406,40,9,2,11317
1407,40,10,2,12196
1408,40,11,2,10080
1409,40,12,2,2901
1410,40,13,2,8648
1411,40,14,2,11638
1412,40,15,2,11949
1413,40,16,2,7496
1414,40,17,2,8331
1415,40,18,2,12858
1416,40,19,2,2711
1417,40,20,2,5201
1418,40,21,2,13822
1419,40,22,2,7754
1420,40,23,2,7156
1421,40,24,2,23735
1422,40,25,2,2817
1423,40,26,2,3023
1424,40,27,2,1920
1425,40,28,2,353
1426,40,29,2,590
1427,40,30,2,580
1428,40,31,2,602
1429,40,32,2,323
1430,40,33,2,784
1431,40,1,3,7
1432,40,2,3,1
1433,40,3,3,8
1434,40,4,3,3
1435,40,5,3,1
1436,40,6,3,0
1437,40,7,3,0
1438,40,8,3,3
1439,40,9,3,1
1440,40,10,3,0
1441,40,11,3,0
1442,40,12,3,0
1443,40,13,3,0
1444,40,14,3,10
1445,40,15,3,2
1446,40,16,3,1
1447,40,17,3,1
1448,40,18,3,0
1449,40,19,3,0
1450,40,20,3,7
1451,40,21,3,5
1452,40,22,3,2
1453,40,23,3,0
1454,40,24,3,3
1455,40,25,3,1
1456,40,26,3,0
1457,40,27,3,0
1458,40,28,3,0
1459,40,29,3,0
1460,40,30,3,1
1461,40,31,3,0
1462,40,32,3,0
1463,40,33,3,0
1464,41,2,1,21133
1465,41,3,1,47214
1466,41,4,1,17009
1467,41,5,1,6946
1468,41,6,1,4015
1469,41,7,1,3279
1470,41,8,1,7705
1471,41,9,1,11956
1472,41,10,1,12941
1473,41,11,1,11424
1474,41,12,1,3992
1475,41,13,1,8878
1476,41,14,1,12805
1477,41,15,1,12339
1478,41,16,1,8118
1479,41,17,1,8494
1480,41,18,1,12753
1481,41,19,1,2896
1482,41,20,1,5625
1483,41,21,1,14169
1484,41,22,1,7976
1485,41,23,1,7901
1486,41,24,1,24551
1487,41,25,1,2877
1488,41,26,1,3387
1489,41,27,1,2229
1490,41,28,1,383
1491,41,29,1,606
1492,41,30,1,584
1493,41,31,1,672
1494,41,32,1,352
1495,41,33,1,931
1496,41,1,2,34733
1497,41,2,2,20050
1498,41,3,2,45556
1499,41,4,2,16247
1500,41,5,2,6634
1501,41,6,2,3763
1502,41,7,2,3062
1503,41,8,2,7538
1504,41,9,2,11255
1505,41,10,2,11831
1506,41,11,2,10938
1507,41,12,2,3706
1508,41,13,2,8464
1509,41,14,2,12292
1510,41,15,2,11765
1511,41,16,2,7505
1512,41,17,2,8152
1513,41,18,2,12229
1514,41,19,2,2779
1515,41,20,2,5181
1516,41,21,2,13064
1517,41,22,2,7637
1518,41,23,2,7300
1519,41,24,2,23528
1520,41,25,2,2766
1521,41,26,2,3206
1522,41,27,2,2084
1523,41,28,2,353
1524,41,29,2,519
1525,41,30,2,509
1526,41,31,2,652
1527,41,32,2,300
1528,41,33,2,878
1529,41,1,3,2
1530,41,2,3,2
1531,41,3,3,11
1532,41,4,3,0
1533,41,5,3,1
1534,41,6,3,2
1535,41,7,3,4
1536,41,8,3,3
1537,41,9,3,0
1538,41,10,3,2
1539,41,11,3,1
1540,41,12,3,1
1541,41,13,3,1
1542,41,14,3,3
1543,41,15,3,2
1544,41,16,3,2
1545,41,17,3,4
1546,41,18,3,4
1547,41,19,3,1
1548,41,20,3,1
1549,41,21,3,1
1550,41,22,3,1
1551,41,23,3,0
1552,41,24,3,3
1553,41,25,3,0
1554,41,26,3,2
1555,41,27,3,0
1556,41,28,3,0
1557,41,29,3,2
1558,41,30,3,0
1559,41,31,3,0
1560,41,32,3,2
1561,41,33,3,0
1562,42,2,1,20685
1563,42,3,1,40640
1564,42,4,1,17273
1565,42,5,1,6485
1566,42,6,1,3969
1567,42,7,1,3480
1568,42,8,1,7904
1569,42,9,1,12361
1570,42,10,1,13252
1571,42,11,1,10411
1572,42,12,1,4250
1573,42,13,1,9001
1574,42,14,1,13559
1575,42,15,1,12761
1576,42,16,1,8089
1577,42,17,1,8333
1578,42,18,1,12846
1579,42,19,1,2815
1580,42,20,1,5408
1581,42,21,1,13777
1582,42,22,1,8557
1583,42,23,1,7515
1584,42,24,1,23966
1585,42,25,1,3017
1586,42,26,1,3463
1587,42,27,1,2317
1588,42,28,1,310
1589,42,29,1,582
1590,42,30,1,751
1591,42,31,1,721
1592,42,32,1,421
1593,42,33,1,1043
1594,42,1,2,33791
1595,42,2,2,19550
1596,42,3,2,39172
1597,42,4,2,16681
1598,42,5,2,6195
1599,42,6,2,3722
1600,42,7,2,3252
1601,42,8,2,7532
1602,42,9,2,11480
1603,42,10,2,12913
1604,42,11,2,9728
1605,42,12,2,4105
1606,42,13,2,8919
1607,42,14,2,12795
1608,42,15,2,12256
1609,42,16,2,7445
1610,42,17,2,7967
1611,42,18,2,12104
1612,42,19,2,2613
1613,42,20,2,5303
1614,42,21,2,12975
1615,42,22,2,8111
1616,42,23,2,7429
1617,42,24,2,22754
1618,42,25,2,2943
1619,42,26,2,3144
1620,42,27,2,2281
1621,42,28,2,335
1622,42,29,2,586
1623,42,30,2,710
1624,42,31,2,709
1625,42,32,2,431
1626,42,33,2,960
1627,42,1,3,9
1628,42,2,3,2
1629,42,3,3,8
1630,42,4,3,2
1631,42,5,3,3
1632,42,6,3,2
1633,42,7,3,9
1634,42,8,3,3
1635,42,9,3,2
1636,42,10,3,3
1637,42,11,3,0
1638,42,12,3,0
1639,42,13,3,3
1640,42,14,3,1
1641,42,15,3,0
1642,42,16,3,2
1643,42,17,3,1
1644,42,18,3,0
1645,42,19,3,1
1646,42,20,3,0
1647,42,21,3,1
1648,42,22,3,0
1649,42,23,3,0
1650,42,24,3,0
1651,42,25,3,0
1652,42,26,3,0
1653,42,27,3,0
1654,42,28,3,0
1655,42,29,3,0
1656,42,30,3,0
1657,42,31,3,0
1658,42,32,3,0
1659,42,33,3,1
1660,43,2,1,18461
1661,43,3,1,33089
1662,43,4,1,17316
1663,43,5,1,6031
1664,43,6,1,3915
1665,43,7,1,2967
1666,43,8,1,8365
1667,43,9,1,10906
1668,43,10,1,12434
1669,43,11,1,15869
1670,43,12,1,3547
1671,43,13,1,8343
1672,43,14,1,11306
1673,43,15,1,11192
1674,43,16,1,7405
1675,43,17,1,7146
1676,43,18,1,11121
1677,43,19,1,2449
1678,43,20,1,4702
1679,43,21,1,12599
1680,43,22,1,7066
1681,43,23,1,7490
1682,43,24,1,20839
1683,43,25,1,2068
1684,43,26,1,2940
1685,43,27,1,2318
1686,43,28,1,321
1687,43,29,1,587
1688,43,30,1,512
1689,43,31,1,615
1690,43,32,1,434
1691,43,33,1,1012
1692,43,1,2,32560
1693,43,2,2,17643
1694,43,3,2,31663
1695,43,4,2,16568
1696,43,5,2,5995
1697,43,6,2,3814
1698,43,7,2,2838
1699,43,8,2,8010
1700,43,9,2,10589
1701,43,10,2,11761
1702,43,11,2,15262
1703,43,12,2,3603
1704,43,13,2,7872
1705,43,14,2,10816
1706,43,15,2,10643
1707,43,16,2,6996
1708,43,17,2,6924
1709,43,18,2,10712
1710,43,19,2,2317
1711,43,20,2,4402
1712,43,21,2,11836
1713,43,22,2,6569
1714,43,23,2,7176
1715,43,24,2,20012
1716,43,25,2,1943
1717,43,26,2,2855
1718,43,27,2,2267
1719,43,28,2,359
1720,43,29,2,496
1721,43,30,2,501
1722,43,31,2,640
1723,43,32,2,413
1724,43,33,2,962
1725,43,1,3,5
1726,43,2,3,1
1727,43,3,3,3
1728,43,4,3,1
1729,43,5,3,2
1730,43,6,3,0
1731,43,7,3,0
1732,43,8,3,0
1733,43,9,3,2
1734,43,10,3,1
1735,43,11,3,3
1736,43,12,3,1
1737,43,13,3,1
1738,43,14,3,2
1739,43,15,3,1
1740,43,16,3,9
1741,43,17,3,0
1742,43,18,3,1
1743,43,19,3,2
1744,43,20,3,0
1745,43,21,3,0
1746,43,22,3,1
1747,43,23,3,1
1748,43,24,3,3
1749,43,25,3,0
1750,43,26,3,0
1751,43,27,3,0
1752,43,28,3,0
1753,43,29,3,0
1754,43,30,3,0
1755,43,31,3,0
1756,43,32,3,0
1757,43,33,3,0
